"","site","from","to","alpha","lo","hi","lo_numerical","hi_numerical","Potential","range_ci","sig","species_from","species_to","size_from","size_to","region"
"1","Frankland","large Eucalypt","large Eucalypt",-0.248075565146724,-0.671335600550322,0.175184470256874,-0.256484611898238,-0.239666518395209,"Potential 1",0.846520070807196,NA,"Eucalypt","Eucalypt","large","large","WA"
"2","Frankland","small Eucalypt","large Eucalypt",-0.100135501893482,-0.261390050133404,0.0611190463464402,-0.103222831100724,-0.0970481726862399,"Potential 1",0.322509096479844,NA,"Eucalypt","Eucalypt","small","large","WA"
"3","Frankland","small Non-euc","large Eucalypt",-0.150923647720441,-0.64219880531675,0.340351509875867,-0.15716436167335,-0.144682933767533,"Potential 1",0.982550315192616,NA,"Non-euc","Eucalypt","small","large","WA"
"5","Frankland","small Eucalypt","small Eucalypt",0.207190517086301,0.0611894747165959,0.353191559456007,0.198903223621753,0.21547781055085,"Potential 1",0.292002084739411,1,"Eucalypt","Eucalypt","small","small","WA"
"6","Frankland","small Non-euc","small Eucalypt",0.281931437281087,0.052929168211007,0.510933706351166,0.27685554996698,0.287007324595193,"Potential 1",0.458004538140159,1,"Non-euc","Eucalypt","small","small","WA"
"9","Frankland","small Non-euc","small Non-euc",-0.479387127284915,-1.55214168831472,0.593367433744887,-0.491904536454912,-0.466869718114918,"Potential 1",2.1455091220596,NA,"Non-euc","Non-euc","small","small","WA"
"11","Collins","large Eucalypt","large Eucalypt",-0.592215568083069,-1.16679214049102,-0.0176389956751224,-0.603693247298675,-0.580737888867463,"Potential 1",1.14915314481589,1,"Eucalypt","Eucalypt","large","large","WA"
"21","Collins","small Eucalypt","large Eucalypt",-0.011830880446549,-0.251854972508601,0.228193211615503,-0.0147640289213411,-0.00889773197175691,"Potential 1",0.480048184124104,NA,"Eucalypt","Eucalypt","small","large","WA"
"31","Collins","small Non-euc","large Eucalypt",-0.199582149334502,-0.465114212537982,0.0659499138689777,-0.20465278664303,-0.194511512025974,"Potential 1",0.53106412640696,NA,"Non-euc","Eucalypt","small","large","WA"
"51","Collins","small Eucalypt","small Eucalypt",0.335126229250563,0.194746178316416,0.47550628018471,0.327473105226841,0.342779353274285,"Potential 1",0.280760101868294,1,"Eucalypt","Eucalypt","small","small","WA"
"61","Collins","small Non-euc","small Eucalypt",-0.0178039177741012,-0.111003154652676,0.0753953191044734,-0.0207413179513534,-0.014866517596849,"Potential 1",0.186398473757149,NA,"Non-euc","Eucalypt","small","small","WA"
"91","Collins","small Non-euc","small Non-euc",0.359669959924693,0.244248844434452,0.475091075414935,0.34839280913694,0.370947110712447,"Potential 1",0.230842230980483,1,"Non-euc","Non-euc","small","small","WA"
"12","Clare","large Eucalypt","large Eucalypt",-0.238197469096729,-0.615364782585141,0.138969844391683,-0.245086460311421,-0.231308477882037,"Potential 1",0.754334626976825,NA,"Eucalypt","Eucalypt","large","large","WA"
"22","Clare","large Non-euc","large Eucalypt",-0.0354121097067329,-0.290930898037784,0.220106678624318,-0.038924528831025,-0.0318996905824409,"Potential 1",0.511037576662102,NA,"Non-euc","Eucalypt","large","large","WA"
"32","Clare","small Non-euc","large Eucalypt",-0.297050297436638,-0.614333540656514,0.0202329457832385,-0.301313541352566,-0.292787053520709,"Potential 1",0.634566486439752,NA,"Non-euc","Eucalypt","small","large","WA"
"52","Clare","large Non-euc","large Non-euc",0.00570271316861435,-0.307804110364551,0.31920953670178,0.00069209850944251,0.0107133278277862,"Potential 1",0.627013647066332,NA,"Non-euc","Non-euc","large","large","WA"
"62","Clare","small Non-euc","large Non-euc",0.240124166685076,-0.0879462082048338,0.568194541574986,0.235592017128404,0.244656316241749,"Potential 1",0.65614074977982,NA,"Non-euc","Non-euc","small","large","WA"
"92","Clare","small Non-euc","small Non-euc",-0.0547311040849905,-0.570681182057212,0.461218973887231,-0.0607885228567834,-0.0486736853131975,"Potential 1",1.03190015594444,NA,"Non-euc","Non-euc","small","small","WA"
"13","Sutton","large Eucalypt","large Eucalypt",-0.000968832088976961,-0.198358419383742,0.196420755205788,-0.00662067213921164,0.00468300796125771,"Potential 1",0.394779174589529,NA,"Eucalypt","Eucalypt","large","large","WA"
"23","Sutton","small Eucalypt","large Eucalypt",-0.038932876533076,-0.100949286207793,0.0230835331416408,-0.0409665045153082,-0.0368992485508437,"Potential 1",0.124032819349434,NA,"Eucalypt","Eucalypt","small","large","WA"
"33","Sutton","small Non-euc","large Eucalypt",-0.0803569346442563,-0.18785224247221,0.0271383731836976,-0.0831483018737133,-0.0775655674147992,"Potential 1",0.214990615655908,NA,"Non-euc","Eucalypt","small","large","WA"
"53","Sutton","small Eucalypt","small Eucalypt",0.305831085101389,0.202348820954916,0.409313349247862,0.295875386994552,0.315786783208227,"Potential 1",0.206964528292946,1,"Eucalypt","Eucalypt","small","small","WA"
"63","Sutton","small Non-euc","small Eucalypt",-0.0409778018933228,-0.115925400788494,0.0339697970018481,-0.0439792678681422,-0.0379763359185033,"Potential 1",0.149895197790342,NA,"Non-euc","Eucalypt","small","small","WA"
"93","Sutton","small Non-euc","small Non-euc",0.449181260380074,0.300420514433724,0.597942006326424,0.433784887992401,0.464577632767747,"Potential 1",0.2975214918927,1,"Non-euc","Non-euc","small","small","WA"
"14","Giants","large Eucalypt","large Eucalypt",-0.629353480806602,-1.09620208594587,-0.162504875667337,-0.651146266402334,-0.60756069521087,"Potential 1",0.933697210278531,1,"Eucalypt","Eucalypt","large","large","WA"
"24","Giants","large Non-euc","large Eucalypt",-0.846265177277411,-1.39852849447312,-0.294001860081702,-0.860798751365115,-0.831731603189707,"Potential 1",1.10452663439142,1,"Non-euc","Eucalypt","large","large","WA"
"34","Giants","small Eucalypt","large Eucalypt",0.269417109082458,0.0653590740599754,0.473475144104941,0.258847889554659,0.279986328610257,"Potential 1",0.408116070044965,1,"Eucalypt","Eucalypt","small","large","WA"
"4","Giants","small Non-euc","large Eucalypt",-0.0162975748402783,-0.187814263238254,0.155219113557697,-0.021545678285047,-0.0110494713955097,"Potential 1",0.343033376795952,NA,"Non-euc","Eucalypt","small","large","WA"
"64","Giants","large Non-euc","large Non-euc",-0.266288229635616,-1.14080269383921,0.608226234567975,-0.281271970410447,-0.251304488860785,"Potential 1",1.74902892840718,NA,"Non-euc","Non-euc","large","large","WA"
"7","Giants","small Eucalypt","large Non-euc",0.206774406662726,-0.117943387584702,0.531492200910155,0.19834376082599,0.215205052499463,"Potential 1",0.649435588494858,NA,"Eucalypt","Non-euc","small","large","WA"
"8","Giants","small Non-euc","large Non-euc",-0.0386573107152809,-0.295603219117061,0.2182885976865,-0.0449883515112441,-0.0323262699193177,"Potential 1",0.513891816803561,NA,"Non-euc","Non-euc","small","large","WA"
"111","Giants","small Eucalypt","small Eucalypt",0.428012928377221,0.286392104561958,0.569633752192484,0.414696596900406,0.441329259854036,"Potential 1",0.283241647630526,1,"Eucalypt","Eucalypt","small","small","WA"
"121","Giants","small Non-euc","small Eucalypt",-0.0714585648375978,-0.154729761266381,0.0118126315911853,-0.0749195930834322,-0.0679975365917633,"Potential 1",0.166542392857566,NA,"Non-euc","Eucalypt","small","small","WA"
"16","Giants","small Non-euc","small Non-euc",0.256639081900259,0.120432363831933,0.392845799968584,0.247924977957898,0.26535318584262,"Potential 1",0.272413436136651,1,"Non-euc","Non-euc","small","small","WA"
"15","Warren","large Eucalypt","large Eucalypt",-0.36613350048006,-0.643125623341367,-0.0891413776187525,-0.376266154621078,-0.356000846339041,"Potential 1",0.553984245722614,1,"Eucalypt","Eucalypt","large","large","WA"
"25","Warren","small Eucalypt","large Eucalypt",-0.227337448302455,-0.415855641880117,-0.0388192547247939,-0.232069624793355,-0.222605271811556,"Potential 1",0.377036387155323,1,"Eucalypt","Eucalypt","small","large","WA"
"35","Warren","small Non-euc","large Eucalypt",-0.0757414191419972,-0.211772392002277,0.0602895537182826,-0.0797443586197446,-0.0717384796642499,"Potential 1",0.27206194572056,NA,"Non-euc","Eucalypt","small","large","WA"
"54","Warren","small Eucalypt","small Eucalypt",-0.0181751640953635,-0.355396035644011,0.319045707453284,-0.0256100048539418,-0.0107403233367853,"Potential 1",0.674441743097294,NA,"Eucalypt","Eucalypt","small","small","WA"
"65","Warren","small Non-euc","small Eucalypt",-0.144493054641622,-0.308194547153993,0.019208437870749,-0.147850958622961,-0.141135150660283,"Potential 1",0.327402985024742,NA,"Non-euc","Eucalypt","small","small","WA"
"94","Warren","small Non-euc","small Non-euc",0.34394651582294,0.19840402137005,0.48948901027583,0.33339578616263,0.35449724548325,"Potential 1",0.29108498890578,1,"Non-euc","Non-euc","small","small","WA"
"17","Dawson","large Eucalypt","large Eucalypt",-0.241159293341739,-0.58555403933194,0.103235452648462,-0.247700843584094,-0.234617743099384,"Potential 1",0.688789491980403,NA,"Eucalypt","Eucalypt","large","large","WA"
"26","Dawson","small Eucalypt","large Eucalypt",0.192336728736115,-0.0244454831529313,0.409118940625162,0.188401983763618,0.196271473708613,"Potential 1",0.433564423778093,NA,"Eucalypt","Eucalypt","small","large","WA"
"36","Dawson","small Non-euc","large Eucalypt",-0.150415093292327,-0.329391217875109,0.0285610312904556,-0.154311574121969,-0.146518612462685,"Potential 1",0.357952249165565,NA,"Non-euc","Eucalypt","small","large","WA"
"55","Dawson","small Eucalypt","small Eucalypt",0.121991926946139,-0.121559120289289,0.365542974181568,0.117585421191387,0.126398432700892,"Potential 1",0.487102094470858,NA,"Eucalypt","Eucalypt","small","small","WA"
"66","Dawson","small Non-euc","small Eucalypt",0.0378485656239566,-0.104675386504452,0.180372517752365,0.034430529532353,0.0412666017155602,"Potential 1",0.285047904256816,NA,"Non-euc","Eucalypt","small","small","WA"
"95","Dawson","small Non-euc","small Non-euc",0.237466625419637,0.108746815610541,0.366186435228733,0.228203717092256,0.246729533747018,"Potential 1",0.257439619618193,1,"Non-euc","Non-euc","small","small","WA"
"18","Carey","large Eucalypt","large Eucalypt",-0.236220113498202,-0.547571251531077,0.0751310245346735,-0.242896093079376,-0.229544133917027,"Potential 1",0.62270227606575,NA,"Eucalypt","Eucalypt","large","large","WA"
"27","Carey","small Eucalypt","large Eucalypt",-0.0247837101366253,-0.210594191636334,0.161026771363083,-0.0281510054944522,-0.0214164147787984,"Potential 1",0.371620962999417,NA,"Eucalypt","Eucalypt","small","large","WA"
"37","Carey","small Non-euc","large Eucalypt",-0.0908014834435718,-0.230639831410061,0.0490368645229175,-0.0934748889493098,-0.0881280779378339,"Potential 1",0.279676695932979,NA,"Non-euc","Eucalypt","small","large","WA"
"56","Carey","small Eucalypt","small Eucalypt",0.391294662321351,-0.150216937592424,0.932806262235127,0.382752432697606,0.399836891945097,"Potential 1",1.08302319982755,NA,"Eucalypt","Eucalypt","small","small","WA"
"67","Carey","small Non-euc","small Eucalypt",-0.130208911086077,-0.370900742294978,0.110482920122824,-0.133307449226412,-0.127110372945743,"Potential 1",0.481383662417802,NA,"Non-euc","Eucalypt","small","small","WA"
"96","Carey","small Non-euc","small Non-euc",0.2067290362883,0.00757219587321151,0.405885876703388,0.200911652881251,0.212546419695348,"Potential 1",0.398313680830176,1,"Non-euc","Non-euc","small","small","WA"
"19","Dombakup","large Eucalypt","large Eucalypt",-0.0889099951562573,-0.333948236372999,0.156128246060485,-0.0944289618320798,-0.0833910284804348,"Potential 1",0.490076482433484,NA,"Eucalypt","Eucalypt","large","large","WA"
"28","Dombakup","large Non-euc","large Eucalypt",0.0149224710569782,-0.256139404135492,0.285984346249448,0.0108037763298062,0.0190411657841503,"Potential 1",0.54212375038494,NA,"Non-euc","Eucalypt","large","large","WA"
"38","Dombakup","small Eucalypt","large Eucalypt",0.0669464109581561,-0.194000521413098,0.32789334332941,0.0623616448186056,0.0715311770977066,"Potential 1",0.521893864742508,NA,"Eucalypt","Eucalypt","small","large","WA"
"41","Dombakup","small Non-euc","large Eucalypt",-0.0050237290503811,-0.0928264278108734,0.0827789697101113,-0.00815575077739981,-0.00189170732336238,"Potential 1",0.175605397520985,NA,"Non-euc","Eucalypt","small","large","WA"
"68","Dombakup","large Non-euc","large Non-euc",0.0309935338566701,-0.499117135973374,0.561104203686714,0.023424924619578,0.0385621430937622,"Potential 1",1.06022133966009,NA,"Non-euc","Non-euc","large","large","WA"
"71","Dombakup","small Eucalypt","large Non-euc",-0.493670161385045,-0.97560698492214,-0.0117333378479497,-0.498242463304766,-0.489097859465323,"Potential 1",0.96387364707419,1,"Eucalypt","Non-euc","small","large","WA"
"81","Dombakup","small Non-euc","large Non-euc",-0.114150604296973,-0.22830305542561,1.84683166370991e-06,-0.116832648151816,-0.111468560442131,"Potential 1",0.228304902257274,NA,"Non-euc","Non-euc","small","large","WA"
"112","Dombakup","small Eucalypt","small Eucalypt",0.0467301048395998,-0.498288818249,0.5917490279282,0.0391585354716512,0.0543016742075485,"Potential 1",1.0900378461772,NA,"Eucalypt","Eucalypt","small","small","WA"
"122","Dombakup","small Non-euc","small Eucalypt",-0.0487995450458877,-0.153599454302069,0.0560003642102937,-0.0516550722601239,-0.0459440178316515,"Potential 1",0.209599818512363,NA,"Non-euc","Eucalypt","small","small","WA"
"161","Dombakup","small Non-euc","small Non-euc",0.328750549476884,0.230049370929881,0.427451728023888,0.317974909925743,0.339526189028025,"Potential 1",0.197402357094007,1,"Non-euc","Non-euc","small","small","WA"
"110","Bird","large Eucalypt","large Eucalypt",0.0206739300391042,-0.200910492492496,0.242258352570704,0.0151469508787936,0.0262009091994147,"Potential 1",0.4431688450632,NA,"Eucalypt","Eucalypt","large","large","o_TAS"
"29","Bird","small Eucalypt","large Eucalypt",0.134250792689076,-0.0512736165732372,0.31977520195139,0.129582613703739,0.138918971674414,"Potential 1",0.371048818524627,NA,"Eucalypt","Eucalypt","small","large","o_TAS"
"39","Bird","small Non-euc","large Eucalypt",0.0658723708754857,-0.0223624336035282,0.1541071753545,0.0623180952804312,0.0694266464705403,"Potential 1",0.176469608958028,NA,"Non-euc","Eucalypt","small","large","o_TAS"
"57","Bird","small Eucalypt","small Eucalypt",-0.103258294653195,-0.425751920518166,0.219235331211776,-0.109689847136498,-0.0968267421698921,"Potential 1",0.644987251729943,NA,"Eucalypt","Eucalypt","small","small","o_TAS"
"69","Bird","small Non-euc","small Eucalypt",0.0279216653828886,-0.0677724881657421,0.123615818931519,0.024626235232013,0.0312170955337642,"Potential 1",0.191388307097261,NA,"Non-euc","Eucalypt","small","small","o_TAS"
"97","Bird","small Non-euc","small Non-euc",0.209072212876773,0.0934410038010831,0.324703421952463,0.195901717760221,0.222242707993325,"Potential 1",0.23126241815138,1,"Non-euc","Non-euc","small","small","o_TAS"
"113","Flowerdale","large Eucalypt","large Eucalypt",-0.208306212842348,-0.443020412649425,0.0264079869647296,-0.217995154918643,-0.198617270766052,"Potential 1",0.469428399614154,NA,"Eucalypt","Eucalypt","large","large","o_TAS"
"210","Flowerdale","small Eucalypt","large Eucalypt",0.0218722602903529,-0.111529398422569,0.155273919003275,0.0180846322044026,0.0256598883763031,"Potential 1",0.266803317425843,NA,"Eucalypt","Eucalypt","small","large","o_TAS"
"310","Flowerdale","small Non-euc","large Eucalypt",-0.083302337937225,-0.16030555241345,-0.00629912346100024,-0.0867482020033356,-0.0798564738711144,"Potential 1",0.154006428952449,1,"Non-euc","Eucalypt","small","large","o_TAS"
"58","Flowerdale","small Eucalypt","small Eucalypt",0.138058088246016,-0.0572744739735932,0.333390650465625,0.130823207808549,0.145292968683482,"Potential 1",0.390665124439218,NA,"Eucalypt","Eucalypt","small","small","o_TAS"
"610","Flowerdale","small Non-euc","small Eucalypt",-0.020702239078814,-0.0963098298804609,0.0549053517228329,-0.0237618581378314,-0.0176426200197966,"Potential 1",0.151215181603294,NA,"Non-euc","Eucalypt","small","small","o_TAS"
"98","Flowerdale","small Non-euc","small Non-euc",0.264763511297544,0.157359622250137,0.37216740034495,0.252808290242426,0.276718732352662,"Potential 1",0.214807778094813,1,"Non-euc","Non-euc","small","small","o_TAS"
"114","Dip","large Eucalypt","large Eucalypt",-0.130092709953207,-0.489181702336356,0.228996282429942,-0.136394556230793,-0.123790863675621,"Potential 1",0.718177984766298,NA,"Eucalypt","Eucalypt","large","large","o_TAS"
"211","Dip","large Non-euc","large Eucalypt",-0.418951874024837,-0.769571902709397,-0.0683318453402775,-0.423965608388616,-0.413938139661059,"Potential 1",0.70124005736912,1,"Non-euc","Eucalypt","large","large","o_TAS"
"311","Dip","small Non-euc","large Eucalypt",0.00241390740360233,-0.0386366389089574,0.0434644537161621,0.00126247685180284,0.00356533795540183,"Potential 1",0.0821010926251195,NA,"Non-euc","Eucalypt","small","large","o_TAS"
"59","Dip","large Non-euc","large Non-euc",-0.223860462686008,-0.813864241693365,0.366143316321348,-0.230646557911904,-0.217074367460113,"Potential 1",1.18000755801471,NA,"Non-euc","Non-euc","large","large","o_TAS"
"611","Dip","small Non-euc","large Non-euc",-0.00287279270411331,-0.0570878471185364,0.0513422617103098,-0.00445577454220767,-0.00128981086601895,"Potential 1",0.108430108828846,NA,"Non-euc","Non-euc","small","large","o_TAS"
"99","Dip","small Non-euc","small Non-euc",0.457797589775982,0.375746035630493,0.539849143921472,0.438703687643659,0.476891491908305,"Potential 1",0.164103108290979,1,"Non-euc","Non-euc","small","small","o_TAS"
"115","Weld","large Eucalypt","large Eucalypt",-0.493724094763724,-1.178663501197,0.191215311669553,-0.505708046076074,-0.481740143451375,"Potential 1",1.36987881286655,NA,"Eucalypt","Eucalypt","large","large","o_TAS"
"212","Weld","large Non-euc","large Eucalypt",-0.514917070352314,-1.09576694066109,0.0659327999564592,-0.521977173568478,-0.507856967136151,"Potential 1",1.16169974061755,NA,"Non-euc","Eucalypt","large","large","o_TAS"
"312","Weld","small Eucalypt","large Eucalypt",0.336526085404101,0.0481242677413317,0.62492790306687,0.330177443915114,0.342874726893088,"Potential 1",0.576803635325538,1,"Eucalypt","Eucalypt","small","large","o_TAS"
"42","Weld","small Non-euc","large Eucalypt",0.10059612701004,-0.0246356959973696,0.225827950017449,0.0984320678932827,0.102760186126797,"Potential 1",0.250463646014819,NA,"Non-euc","Eucalypt","small","large","o_TAS"
"612","Weld","large Non-euc","large Non-euc",-0.114344981541624,-0.945221176760447,0.716531213677199,-0.123139751699697,-0.105550211383551,"Potential 1",1.66175239043765,NA,"Non-euc","Non-euc","large","large","o_TAS"
"72","Weld","small Eucalypt","large Non-euc",0.0176973781543807,-0.263052507972932,0.298447264281694,0.013661766695958,0.0217329896128034,"Potential 1",0.561499772254626,NA,"Eucalypt","Non-euc","small","large","o_TAS"
"82","Weld","small Non-euc","large Non-euc",0.000680682131796296,-0.134665633415771,0.136026997679364,-0.0016158765559162,0.00297724081950879,"Potential 1",0.270692631095135,NA,"Non-euc","Non-euc","small","large","o_TAS"
"116","Weld","small Eucalypt","small Eucalypt",0.241587297826078,0.0615721202468451,0.421602475405312,0.234964542134397,0.24821005351776,"Potential 1",0.360030355158467,1,"Eucalypt","Eucalypt","small","small","o_TAS"
"123","Weld","small Non-euc","small Eucalypt",-0.0557154963917584,-0.115834562972718,0.00440357018920099,-0.0576156848486398,-0.053815307934877,"Potential 1",0.120238133161919,NA,"Non-euc","Eucalypt","small","small","o_TAS"
"162","Weld","small Non-euc","small Non-euc",0.24746006575361,0.131789610023579,0.363130521483641,0.240011084620125,0.254909046887096,"Potential 1",0.231340911460062,1,"Non-euc","Non-euc","small","small","o_TAS"
"117","ZigZag","large Eucalypt","large Eucalypt",-0.569964972290512,-0.893249702253682,-0.246680242327343,-0.584737592526488,-0.555192352054537,"Potential 1",0.646569459926339,1,"Eucalypt","Eucalypt","large","large","o_TAS"
"213","ZigZag","small Eucalypt","large Eucalypt",0.0656823819503356,-0.0569600297691983,0.18832479366987,0.0618075829511862,0.0695571809494851,"Potential 1",0.245284823439068,NA,"Eucalypt","Eucalypt","small","large","o_TAS"
"313","ZigZag","small Non-euc","large Eucalypt",-0.0421628007979027,-0.100497873448518,0.0161722718527127,-0.0454731051393826,-0.0388524964564228,"Potential 1",0.116670145301231,NA,"Non-euc","Eucalypt","small","large","o_TAS"
"510","ZigZag","small Eucalypt","small Eucalypt",0.186577492640371,0.0526003213284409,0.320554663952301,0.178304640856207,0.194850344424535,"Potential 1",0.26795434262386,1,"Eucalypt","Eucalypt","small","small","o_TAS"
"613","ZigZag","small Non-euc","small Eucalypt",0.0108931705101677,-0.0323883749091341,0.0541747159294695,0.00788516416601902,0.0139011768543163,"Potential 1",0.0865630908386036,NA,"Non-euc","Eucalypt","small","small","o_TAS"
"910","ZigZag","small Non-euc","small Non-euc",0.0218075207210333,-0.104764084048833,0.148379125490899,-0.00669754730237811,0.0503125887444447,"Potential 1",0.253143209539732,NA,"Non-euc","Non-euc","small","small","o_TAS"
"118","NorthStyx","large Eucalypt","large Eucalypt",-0.0322367078749118,-0.223805559097259,0.159332143347435,-0.0386375195050393,-0.0258358962447842,"Potential 1",0.383137702444694,NA,"Eucalypt","Eucalypt","large","large","d_TAS"
"214","NorthStyx","small Eucalypt","large Eucalypt",-0.0122329085986324,-0.0571420313773246,0.0326762141800597,-0.0137404435547382,-0.0107253736425267,"Potential 1",0.0898182455573843,NA,"Eucalypt","Eucalypt","small","large","d_TAS"
"314","NorthStyx","small Non-euc","large Eucalypt",-0.0875484989883951,-0.163032876533129,-0.0120641214436607,-0.0906592433500626,-0.0844377546267276,"Potential 1",0.150968755089469,1,"Non-euc","Eucalypt","small","large","d_TAS"
"511","NorthStyx","small Eucalypt","small Eucalypt",0.374149175441306,0.285914631106936,0.462383719775676,0.365217934423635,0.383080416458977,"Potential 1",0.17646908866874,1,"Eucalypt","Eucalypt","small","small","d_TAS"
"614","NorthStyx","small Non-euc","small Eucalypt",0.0643590365941983,0.0213446459512301,0.107373427237167,0.0608652846963074,0.0678527884920893,"Potential 1",0.0860287812859364,1,"Non-euc","Eucalypt","small","small","d_TAS"
"911","NorthStyx","small Non-euc","small Non-euc",0.318454129474683,0.191986668375525,0.444921590573842,0.307727259631649,0.329180999317718,"Potential 1",0.252934922198316,1,"Non-euc","Non-euc","small","small","d_TAS"
"119","Newline","large Eucalypt","large Eucalypt",-0.275361085818424,-0.546103559375382,-0.00461861226146609,-0.28546374135143,-0.265258430285419,"Potential 1",0.541484947113916,1,"Eucalypt","Eucalypt","large","large","SE_NSW"
"215","Newline","small Eucalypt","large Eucalypt",-0.0275425763756967,-0.114407713978812,0.0593225612274191,-0.030292324842223,-0.0247928279091703,"Potential 1",0.173730275206231,NA,"Eucalypt","Eucalypt","small","large","SE_NSW"
"43","Newline","small Eucalypt","small Eucalypt",0.218307969736174,0.11250353820722,0.324112401265129,0.210517835923588,0.226098103548761,"Potential 1",0.211608863057909,1,"Eucalypt","Eucalypt","small","small","SE_NSW"
"120","WaratahMix","large Eucalypt","large Eucalypt",-0.476338277824265,-0.733485188711387,-0.219191366937143,-0.491773683135664,-0.460902872512866,"Potential 1",0.514293821774244,1,"Eucalypt","Eucalypt","large","large","SE_NSW"
"216","WaratahMix","small Eucalypt","large Eucalypt",-0.128390842906206,-0.214391051016953,-0.0423906347954589,-0.132160264657852,-0.12462142115456,"Potential 1",0.172000416221494,1,"Eucalypt","Eucalypt","small","large","SE_NSW"
"44","WaratahMix","small Eucalypt","small Eucalypt",0.116121481758791,-0.0235166964972995,0.255759660014882,0.106456139985452,0.125786823532131,"Potential 1",0.279276356512181,NA,"Eucalypt","Eucalypt","small","small","SE_NSW"
"124","WogWay","large Eucalypt","large Eucalypt",-0.100525767894145,-0.364766195020509,0.163714659232219,-0.107328286687774,-0.0937232491005151,"Potential 1",0.528480854252728,NA,"Eucalypt","Eucalypt","large","large","SE_NSW"
"217","WogWay","small Eucalypt","large Eucalypt",-0.0320995865869259,-0.0936599365339879,0.0294607633601362,-0.0334756391280609,-0.0307235340457908,"Potential 1",0.123120699894124,NA,"Eucalypt","Eucalypt","small","large","SE_NSW"
"315","WogWay","small Non-euc","large Eucalypt",0.0452374660468386,-0.194415342180752,0.284890274274429,0.0410920543046049,0.0493828777890724,"Potential 1",0.479305616455181,NA,"Non-euc","Eucalypt","small","large","SE_NSW"
"512","WogWay","small Eucalypt","small Eucalypt",0.352429844356102,0.253889107294433,0.45097058141777,0.344008249494667,0.360851439217536,"Potential 1",0.197081474123338,1,"Eucalypt","Eucalypt","small","small","SE_NSW"
"615","WogWay","small Non-euc","small Eucalypt",-0.126033175345519,-0.242401083372991,-0.00966526731804634,-0.128220815447544,-0.123845535243494,"Potential 1",0.232735816054944,1,"Non-euc","Eucalypt","small","small","SE_NSW"
"912","WogWay","small Non-euc","small Non-euc",0.365544548075754,0.0295559235259431,0.701533172625565,0.358594652417799,0.372494443733709,"Potential 1",0.671977249099622,1,"Non-euc","Non-euc","small","small","SE_NSW"
"125","Goodenia","large Eucalypt","large Eucalypt",-0.475641358875897,-0.846117454350191,-0.105165263401602,-0.487553899832868,-0.463728817918925,"Potential 1",0.740952190948588,1,"Eucalypt","Eucalypt","large","large","SE_NSW"
"218","Goodenia","small Eucalypt","large Eucalypt",0.0546604787122834,-0.128528631871883,0.237849589296449,0.0505318418678553,0.0587891155567115,"Potential 1",0.366378221168332,NA,"Eucalypt","Eucalypt","small","large","SE_NSW"
"316","Goodenia","small Non-euc","large Eucalypt",-0.122480120706461,-0.287251748135249,0.0422915067223269,-0.126347233590826,-0.118613007822096,"Potential 1",0.329543254857576,NA,"Non-euc","Eucalypt","small","large","SE_NSW"
"513","Goodenia","small Eucalypt","small Eucalypt",0.256590019499154,0.0126234032353065,0.500556635763001,0.250520510045079,0.262659528953228,"Potential 1",0.487933232527694,1,"Eucalypt","Eucalypt","small","small","SE_NSW"
"616","Goodenia","small Non-euc","small Eucalypt",-0.0466532632388455,-0.176944763068176,0.0836382365904849,-0.0491324003388585,-0.0441741261388324,"Potential 1",0.260582999658661,NA,"Non-euc","Eucalypt","small","small","SE_NSW"
"913","Goodenia","small Non-euc","small Non-euc",0.234492740407515,0.0251084475156727,0.443877033299357,0.22854550804579,0.24043997276924,"Potential 1",0.418768585783684,1,"Non-euc","Non-euc","small","small","SE_NSW"
"126","Candelo","large Eucalypt","large Eucalypt",-0.263394803252145,-0.522319420090694,-0.00447018641359581,-0.271731060193907,-0.255058546310383,"Potential 1",0.517849233677099,1,"Eucalypt","Eucalypt","large","large","SE_NSW"
"219","Candelo","small Eucalypt","large Eucalypt",0.0680326749380351,-0.0498669205560906,0.185932270432161,0.0645908743052386,0.0714744755708316,"Potential 1",0.235799190988251,NA,"Eucalypt","Eucalypt","small","large","SE_NSW"
"45","Candelo","small Eucalypt","small Eucalypt",0.346660446060018,0.249896400943929,0.443424491176107,0.33544339527629,0.357877496843747,"Potential 1",0.193528090232178,1,"Eucalypt","Eucalypt","small","small","SE_NSW"
"127","ANU101","large Eucalypt","large Eucalypt",-0.19997871193942,-0.422705722592666,0.0227482987138265,-0.210004807799372,-0.189952616079468,"Potential 1",0.445454021306493,NA,"Eucalypt","Eucalypt","large","large","SE_VIC"
"220","ANU101","small Eucalypt","large Eucalypt",-0.146830329786579,-0.394999111724954,0.101338452151795,-0.151618179957903,-0.142042479615256,"Potential 1",0.496337563876749,NA,"Eucalypt","Eucalypt","small","large","SE_VIC"
"317","ANU101","small Non-euc","large Eucalypt",-0.128758731578896,-0.216818006128458,-0.0406994570293342,-0.132253053484896,-0.125264409672896,"Potential 1",0.176118549099124,1,"Non-euc","Eucalypt","small","large","SE_VIC"
"514","ANU101","small Eucalypt","small Eucalypt",0.177301704223832,-0.38045482269344,0.735058231141103,0.171031981191449,0.183571427256214,"Potential 1",1.11551305383454,NA,"Eucalypt","Eucalypt","small","small","SE_VIC"
"617","ANU101","small Non-euc","small Eucalypt",-0.114395091500011,-0.248941124316873,0.0201509413168505,-0.116772836747055,-0.112017346252968,"Potential 1",0.269092065633724,NA,"Non-euc","Eucalypt","small","small","SE_VIC"
"914","ANU101","small Non-euc","small Non-euc",0.134578106004342,0.00194870628453256,0.267207505724151,0.127571663404279,0.141584548604406,"Potential 1",0.265258799439619,1,"Non-euc","Non-euc","small","small","SE_VIC"
"128","Ada Tree","large Eucalypt","large Eucalypt",-0.491328288773475,-0.77071233563526,-0.211944241911691,-0.505111051215119,-0.477545526331832,"Potential 1",0.558768093723568,1,"Eucalypt","Eucalypt","large","large","SE_VIC"
"221","Ada Tree","small Eucalypt","large Eucalypt",-0.228191310363263,-0.446057721341575,-0.0103248993849513,-0.234474901744081,-0.221907718982446,"Potential 1",0.435732821956624,1,"Eucalypt","Eucalypt","small","large","SE_VIC"
"318","Ada Tree","small Non-euc","large Eucalypt",0.0792986339860495,-0.0519218356040522,0.210519103576151,0.074053755383427,0.084543512588672,"Potential 1",0.262440939180203,NA,"Non-euc","Eucalypt","small","large","SE_VIC"
"515","Ada Tree","small Eucalypt","small Eucalypt",-0.502139349508075,-1.07809577361117,0.073817074595016,-0.514578285528467,-0.489700413487683,"Potential 1",1.15191284820618,NA,"Eucalypt","Eucalypt","small","small","SE_VIC"
"618","Ada Tree","small Non-euc","small Eucalypt",0.163621112948452,-0.024880092750994,0.352122318647898,0.158592939668189,0.168649286228714,"Potential 1",0.377002411398892,NA,"Non-euc","Eucalypt","small","small","SE_VIC"
"915","Ada Tree","small Non-euc","small Non-euc",-0.0087377612079298,-0.172994922100314,0.155519399684455,-0.0213041896477183,0.00382866723185867,"Potential 1",0.328514321784769,NA,"Non-euc","Non-euc","small","small","SE_VIC"
"129","Weeaproinah","large Eucalypt","large Eucalypt",-0.597975268667014,-0.853802738629546,-0.342147798704483,-0.616490240119647,-0.579460297214381,"Potential 1",0.511654939925063,1,"Eucalypt","Eucalypt","large","large","SE_VIC"
"222","Weeaproinah","small Eucalypt","large Eucalypt",-0.183347620268974,-0.308281435957966,-0.0584138045799829,-0.187958387175911,-0.178736853362037,"Potential 1",0.249867631377983,1,"Eucalypt","Eucalypt","small","large","SE_VIC"
"319","Weeaproinah","small Non-euc","large Eucalypt",0.0321664210922202,-0.0413219220403804,0.105654764224821,0.0289400554737856,0.0353927867106549,"Potential 1",0.146976686265201,NA,"Non-euc","Eucalypt","small","large","SE_VIC"
"516","Weeaproinah","small Eucalypt","small Eucalypt",-0.0207161880282564,-0.191717302103626,0.150284926047113,-0.028786571082668,-0.0126458049738448,"Potential 1",0.342002228150739,NA,"Eucalypt","Eucalypt","small","small","SE_VIC"
"619","Weeaproinah","small Non-euc","small Eucalypt",0.0154557286023431,-0.0315688601867374,0.0624803173914237,0.0132300012746444,0.0176814559300418,"Potential 1",0.0940491775781611,NA,"Non-euc","Eucalypt","small","small","SE_VIC"
"916","Weeaproinah","small Non-euc","small Non-euc",0.198732958793144,0.0970856127323254,0.300380304853963,0.182871085718001,0.214594831868288,"Potential 1",0.203294692121638,1,"Non-euc","Non-euc","small","small","SE_VIC"
"130","ANU363","large Eucalypt","large Eucalypt",-0.671067056542879,-0.979156612552589,-0.362977500533169,-0.689156792815092,-0.652977320270666,"Potential 1",0.616179112019419,1,"Eucalypt","Eucalypt","large","large","SE_VIC"
"131","ANU589","large Eucalypt","large Eucalypt",-0.390485891703957,-0.662184973806662,-0.118786809601251,-0.404840973772159,-0.376130809635754,"Potential 1",0.543398164205412,1,"Eucalypt","Eucalypt","large","large","SE_VIC"
"223","ANU589","small Eucalypt","large Eucalypt",0.122262773667736,-0.124413027648646,0.368938574984119,0.115755292425963,0.128770254909509,"Potential 1",0.493351602632765,NA,"Eucalypt","Eucalypt","small","large","SE_VIC"
"320","ANU589","small Non-euc","large Eucalypt",-0.0794115426408692,-0.157756605043239,-0.00106648023849988,-0.0825334020440976,-0.0762896832376408,"Potential 1",0.156690124804739,1,"Non-euc","Eucalypt","small","large","SE_VIC"
"517","ANU589","small Eucalypt","small Eucalypt",0.168536919454721,-0.263775599509675,0.600849438419117,0.162135711212242,0.174938127697199,"Potential 1",0.864625037928793,NA,"Eucalypt","Eucalypt","small","small","SE_VIC"
"620","ANU589","small Non-euc","small Eucalypt",-0.131076439985556,-0.286184624548728,0.0240317445776153,-0.134199721160127,-0.127953158810986,"Potential 1",0.310216369126343,NA,"Non-euc","Eucalypt","small","small","SE_VIC"
"917","ANU589","small Non-euc","small Non-euc",0.225100998054333,0.101175480168307,0.349026515940358,0.21633618549755,0.233865810611115,"Potential 1",0.247851035772051,1,"Non-euc","Non-euc","small","small","SE_VIC"
"132","Turtons","large Eucalypt","large Eucalypt",-0.439378497857998,-0.808816798653223,-0.0699401970627742,-0.449275299012383,-0.429481696703613,"Potential 1",0.738876601590448,1,"Eucalypt","Eucalypt","large","large","SE_VIC"
"224","Turtons","large Non-euc","large Eucalypt",-0.200523637531372,-0.589614270088921,0.188566995026176,-0.207540161492541,-0.193507113570204,"Potential 1",0.778181265115097,NA,"Non-euc","Eucalypt","large","large","SE_VIC"
"321","Turtons","small Non-euc","large Eucalypt",0.0573431069829474,-0.0467023017555208,0.161388515721416,0.0536776549955318,0.061008558970363,"Potential 1",0.208090817476936,NA,"Non-euc","Eucalypt","small","large","SE_VIC"
"518","Turtons","large Non-euc","large Non-euc",-0.727107325092354,-2.09962328675175,0.645408636567039,-0.745157246046757,-0.70905740413795,"Potential 1",2.74503192331878,NA,"Non-euc","Non-euc","large","large","SE_VIC"
"621","Turtons","small Non-euc","large Non-euc",0.166627035948133,-0.0333059907773121,0.366560062673579,0.161544925603854,0.171709146292412,"Potential 1",0.399866053450891,NA,"Non-euc","Non-euc","small","large","SE_VIC"
"918","Turtons","small Non-euc","small Non-euc",0.129757881910549,0.0113254877823149,0.248190276038783,0.115910540110003,0.143605223711095,"Potential 1",0.236864788256468,1,"Non-euc","Non-euc","small","small","SE_VIC"
"133","Lardner","large Eucalypt","large Eucalypt",-0.18228773917711,-0.354786832390479,-0.00978864596373971,-0.18961355562791,-0.174961922726309,"Potential 1",0.34499818642674,1,"Eucalypt","Eucalypt","large","large","SE_VIC"
"225","Lardner","small Eucalypt","large Eucalypt",0.0781057478602418,-0.213863620234569,0.370075115955053,0.072577486464205,0.0836340092562787,"Potential 1",0.583938736189622,NA,"Eucalypt","Eucalypt","small","large","SE_VIC"
"322","Lardner","small Non-euc","large Eucalypt",0.00229792127256268,-0.0905603760737164,0.0951562186188418,-0.00216148869888975,0.0067573312440151,"Potential 1",0.185716594692558,NA,"Non-euc","Eucalypt","small","large","SE_VIC"
"519","Lardner","small Eucalypt","small Eucalypt",-0.688366430389564,-2.21797092261173,0.841238061832599,-0.712544261557889,-0.66418859922124,"Potential 1",3.05920898444433,NA,"Eucalypt","Eucalypt","small","small","SE_VIC"
"622","Lardner","small Non-euc","small Eucalypt",0.170672943881255,-0.0730774541150217,0.414423341877532,0.164479550212614,0.176866337549897,"Potential 1",0.487500795992554,NA,"Non-euc","Eucalypt","small","small","SE_VIC"
"919","Lardner","small Non-euc","small Non-euc",-0.185486206744832,-0.361222460832396,-0.00974995265726813,-0.20184701814845,-0.169125395341214,"Potential 1",0.351472508175128,1,"Non-euc","Non-euc","small","small","SE_VIC"
"134","HardyCreek","large Eucalypt","large Eucalypt",-0.282482888608193,-0.529283285104117,-0.0356824921122677,-0.292943557581663,-0.272022219634722,"Potential 1",0.49360079299185,1,"Eucalypt","Eucalypt","large","large","SE_VIC"
"226","HardyCreek","small Eucalypt","large Eucalypt",0.0677334998496861,-0.179035533701429,0.314502533400801,0.0636283455256548,0.0718386541737174,"Potential 1",0.493538067102231,NA,"Eucalypt","Eucalypt","small","large","SE_VIC"
"323","HardyCreek","small Non-euc","large Eucalypt",0.0311749734983118,-0.120896912682268,0.183246859678891,0.0272611641345615,0.0350887828620621,"Potential 1",0.304143772361159,NA,"Non-euc","Eucalypt","small","large","SE_VIC"
"520","HardyCreek","small Eucalypt","small Eucalypt",-0.0719389018481562,-0.57707659747855,0.433198793782238,-0.076564559371973,-0.0673132443243393,"Potential 1",1.01027539126079,NA,"Eucalypt","Eucalypt","small","small","SE_VIC"
"623","HardyCreek","small Non-euc","small Eucalypt",0.0991864730377698,-0.1496687586691,0.34804170474464,0.095495575681651,0.102877370393889,"Potential 1",0.49771046341374,NA,"Non-euc","Eucalypt","small","small","SE_VIC"
"920","HardyCreek","small Non-euc","small Non-euc",-0.034165840859091,-0.313228887122877,0.244897205404695,-0.0403602420535212,-0.0279714396646608,"Potential 1",0.558126092527572,NA,"Non-euc","Non-euc","small","small","SE_VIC"
"135","MinesRd","large Eucalypt","large Eucalypt",-0.230547002986671,-0.62254129613641,0.161447290163068,-0.236805560828815,-0.224288445144527,"Potential 1",0.783988586299479,NA,"Eucalypt","Eucalypt","large","large","N_NSW"
"227","MinesRd","small Eucalypt","large Eucalypt",-0.187466066937377,-0.403948311652245,0.0290161777774911,-0.191059674365959,-0.183872459508795,"Potential 1",0.432964489429737,NA,"Eucalypt","Eucalypt","small","large","N_NSW"
"324","MinesRd","small Non-euc","large Eucalypt",0.0319459218226267,-0.0831495073011492,0.147041350946403,0.0295938940326197,0.0342979496126337,"Potential 1",0.230190858247552,NA,"Non-euc","Eucalypt","small","large","N_NSW"
"521","MinesRd","small Eucalypt","small Eucalypt",0.249134909268451,0.0560475772931366,0.442222241243766,0.242415887660477,0.255853930876426,"Potential 1",0.386174663950629,1,"Eucalypt","Eucalypt","small","small","N_NSW"
"624","MinesRd","small Non-euc","small Eucalypt",0.0268766236292664,-0.0555146319523577,0.10926787921089,0.0238993467211501,0.0298539005373827,"Potential 1",0.164782511163248,NA,"Non-euc","Eucalypt","small","small","N_NSW"
"921","MinesRd","small Non-euc","small Non-euc",0.21350344467066,0.0899519970560408,0.337054892285278,0.205821724608416,0.221185164732903,"Potential 1",0.247102895229237,1,"Non-euc","Non-euc","small","small","N_NSW"
"136","Tinebank","large Eucalypt","large Eucalypt",-0.248469298503442,-0.663750477590329,0.166811880583445,-0.256174623927375,-0.240763973079509,"Potential 1",0.830562358173773,NA,"Eucalypt","Eucalypt","large","large","N_NSW"
"228","Tinebank","large Non-euc","large Eucalypt",-0.409256820828659,-0.946632141652248,0.128118499994929,-0.4160351427266,-0.402478498930719,"Potential 1",1.07475064164718,NA,"Non-euc","Eucalypt","large","large","N_NSW"
"325","Tinebank","small Eucalypt","large Eucalypt",0.0698309963782328,-0.224474541327569,0.364136534084035,0.0650824647104533,0.0745795280460122,"Potential 1",0.588611075411604,NA,"Eucalypt","Eucalypt","small","large","N_NSW"
"46","Tinebank","small Non-euc","large Eucalypt",0.0426846125223049,-0.0832749696792079,0.168644194723818,0.0397975630912322,0.0455716619533777,"Potential 1",0.251919164403026,NA,"Non-euc","Eucalypt","small","large","N_NSW"
"625","Tinebank","large Non-euc","large Non-euc",-0.288791463761993,-1.0776256138909,0.50004268636691,-0.298753275429828,-0.278829652094158,"Potential 1",1.57766830025781,NA,"Non-euc","Non-euc","large","large","N_NSW"
"73","Tinebank","small Eucalypt","large Non-euc",0.290579245293537,-0.113953491145946,0.69511198173302,0.284688979743691,0.296469510843383,"Potential 1",0.809065472878965,NA,"Eucalypt","Non-euc","small","large","N_NSW"
"83","Tinebank","small Non-euc","large Non-euc",0.103164770825843,-0.0787948644713312,0.285124406123017,0.100146990877363,0.106182550774323,"Potential 1",0.363919270594348,NA,"Non-euc","Non-euc","small","large","N_NSW"
"1110","Tinebank","small Eucalypt","small Eucalypt",-0.0257358435527958,-0.366937259343904,0.315465572238312,-0.0332918825167113,-0.0181798045888803,"Potential 1",0.682402831582216,NA,"Eucalypt","Eucalypt","small","small","N_NSW"
"1210","Tinebank","small Non-euc","small Eucalypt",-0.108458101684011,-0.188077959006398,-0.028838244361623,-0.11047817181597,-0.106438031552051,"Potential 1",0.159239714644775,1,"Non-euc","Eucalypt","small","small","N_NSW"
"163","Tinebank","small Non-euc","small Non-euc",-0.0243543988403631,-0.154536730763624,0.105827933082898,-0.0371921723917603,-0.0115166252889659,"Potential 1",0.260364663846522,NA,"Non-euc","Non-euc","small","small","N_NSW"
"137","Lorne","large Eucalypt","large Eucalypt",-0.0430543600040553,-0.29403046142696,0.20792174141885,-0.0479299813958911,-0.0381787386122195,"Potential 1",0.50195220284581,NA,"Eucalypt","Eucalypt","large","large","N_NSW"
"229","Lorne","small Eucalypt","large Eucalypt",0.0533619622199107,-0.0446505497051383,0.15137447414496,0.0505719627910771,0.0561519616487443,"Potential 1",0.196025023850098,NA,"Eucalypt","Eucalypt","small","large","N_NSW"
"326","Lorne","small Non-euc","large Eucalypt",0.0371334422496113,-0.0850691636198377,0.15933604811906,0.033786330691816,0.0404805538074066,"Potential 1",0.244405211738898,NA,"Non-euc","Eucalypt","small","large","N_NSW"
"522","Lorne","small Eucalypt","small Eucalypt",0.22100065738041,0.092003902036695,0.349997412724126,0.211767199974155,0.230234114786666,"Potential 1",0.257993510687431,1,"Eucalypt","Eucalypt","small","small","N_NSW"
"626","Lorne","small Non-euc","small Eucalypt",-0.0826669368556158,-0.138568856745385,-0.0267650169658464,-0.0855604188685061,-0.0797734548427254,"Potential 1",0.111803839779539,1,"Non-euc","Eucalypt","small","small","N_NSW"
"922","Lorne","small Non-euc","small Non-euc",-0.0167945021402019,-0.177963096190668,0.144374091910264,-0.0275221151696673,-0.00606688911073639,"Potential 1",0.322337188100932,NA,"Non-euc","Non-euc","small","small","N_NSW"
"138","BirdTree","large Eucalypt","large Eucalypt",-0.131585482563173,-0.317367992243868,0.0541970271175223,-0.138871711561072,-0.124299253565274,"Potential 1",0.371565019361391,NA,"Eucalypt","Eucalypt","large","large","N_NSW"
"230","BirdTree","small Eucalypt","large Eucalypt",-0.0661430528893654,-0.202333437215547,0.0700473314368161,-0.0690655375267257,-0.0632205682520051,"Potential 1",0.272380768652363,NA,"Eucalypt","Eucalypt","small","large","N_NSW"
"327","BirdTree","small Non-euc","large Eucalypt",-0.0162086623449994,-0.0923455414387491,0.0599282167487504,-0.0199681326947655,-0.0124491919952333,"Potential 1",0.152273758187499,NA,"Non-euc","Eucalypt","small","large","N_NSW"
"523","BirdTree","small Eucalypt","small Eucalypt",0.336652160941336,0.13070718930381,0.542597132578863,0.327944094393999,0.345360227488674,"Potential 1",0.411889943275053,1,"Eucalypt","Eucalypt","small","small","N_NSW"
"627","BirdTree","small Non-euc","small Eucalypt",-0.0118688185940415,-0.0854026933496198,0.0616650561615368,-0.0147095969893828,-0.00902804019870019,"Potential 1",0.147067749511157,NA,"Non-euc","Eucalypt","small","small","N_NSW"
"923","BirdTree","small Non-euc","small Non-euc",-0.0258014849071007,-0.164694097408787,0.113091127594586,-0.0446540931249357,-0.00694887668926559,"Potential 1",0.277785225003373,NA,"Non-euc","Non-euc","small","small","N_NSW"
"139","A-Tree","large Eucalypt","large Eucalypt",-0.144977965794777,-0.368022108053434,0.0780661764638797,-0.152257796776246,-0.137698134813308,"Potential 1",0.446088284517314,NA,"Eucalypt","Eucalypt","large","large","N_NSW"
"231","A-Tree","small Eucalypt","large Eucalypt",-0.0900296767523935,-0.150600767836044,-0.0294585856687435,-0.0917816913784308,-0.0882776621263562,"Potential 1",0.1211421821673,1,"Eucalypt","Eucalypt","small","large","N_NSW"
"328","A-Tree","small Non-euc","large Eucalypt",-0.0441394561462875,-0.128773569980197,0.0404946576876218,-0.0472433359546278,-0.0410355763379472,"Potential 1",0.169268227667819,NA,"Non-euc","Eucalypt","small","large","N_NSW"
"524","A-Tree","small Eucalypt","small Eucalypt",0.329342757624639,0.234672315387282,0.424013199861997,0.319941835555558,0.338743679693721,"Potential 1",0.189340884474715,1,"Eucalypt","Eucalypt","small","small","N_NSW"
"628","A-Tree","small Non-euc","small Eucalypt",-0.0292761785752695,-0.0718495755872608,0.0132972184367217,-0.0316721622283489,-0.0268801949221901,"Potential 1",0.0851467940239825,NA,"Non-euc","Eucalypt","small","small","N_NSW"
"924","A-Tree","small Non-euc","small Non-euc",0.148293681703452,0.0219440626098322,0.274643300797071,0.138660405636491,0.157926957770413,"Potential 1",0.252699238187239,1,"Non-euc","Non-euc","small","small","N_NSW"
"140","BlackBull","large Eucalypt","large Eucalypt",-0.248188626758216,-0.656960826773668,0.160583573257236,-0.256990142222519,-0.239387111293913,"Potential 1",0.817544400030904,NA,"Eucalypt","Eucalypt","large","large","N_NSW"
"232","BlackBull","small Eucalypt","large Eucalypt",-0.124333149939383,-0.254863696687742,0.00619739680897452,-0.127322128152523,-0.121344171726244,"Potential 1",0.261061093496716,NA,"Eucalypt","Eucalypt","small","large","N_NSW"
"329","BlackBull","small Non-euc","large Eucalypt",-0.0457189630656143,-0.151928799273916,0.0604908731426871,-0.0491590536575683,-0.0422788724736603,"Potential 1",0.212419672416603,NA,"Non-euc","Eucalypt","small","large","N_NSW"
"525","BlackBull","small Eucalypt","small Eucalypt",0.230610047548395,0.0966942570633467,0.364525838033442,0.223541638168531,0.237678456928258,"Potential 1",0.267831580970096,1,"Eucalypt","Eucalypt","small","small","N_NSW"
"629","BlackBull","small Non-euc","small Eucalypt",-0.00307806657836324,-0.058415381024075,0.0522592478673485,-0.00600762449379955,-0.000148508662926928,"Potential 1",0.110674628891424,NA,"Non-euc","Eucalypt","small","small","N_NSW"
"925","BlackBull","small Non-euc","small Non-euc",0.188942223190259,0.0677430273663833,0.310141419014134,0.178364441544287,0.19952000483623,"Potential 1",0.242398391647751,1,"Non-euc","Non-euc","small","small","N_NSW"
"141","Bruxner","large Eucalypt","large Eucalypt",-0.305102731912994,-0.704075804231231,0.0938703404052434,-0.3145300497926,-0.295675414033387,"Potential 1",0.797946144636474,NA,"Eucalypt","Eucalypt","large","large","N_NSW"
"233","Bruxner","small Eucalypt","large Eucalypt",0.235831894875013,0.0391126080044276,0.432551181745598,0.230532444903177,0.241131344846849,"Potential 1",0.39343857374117,1,"Eucalypt","Eucalypt","small","large","N_NSW"
"330","Bruxner","small Non-euc","large Eucalypt",0.045162755681304,-0.0482222177443443,0.138547729106952,0.041892920406967,0.048432590955641,"Potential 1",0.186769946851297,NA,"Non-euc","Eucalypt","small","large","N_NSW"
"526","Bruxner","small Eucalypt","small Eucalypt",0.181756650220816,0.0355777809905339,0.327935519451098,0.173652915182545,0.189860385259087,"Potential 1",0.292357738460564,1,"Eucalypt","Eucalypt","small","small","N_NSW"
"630","Bruxner","small Non-euc","small Eucalypt",-0.0531036054255197,-0.0975894520822857,-0.00861775876875375,-0.0557989329537485,-0.050408277897291,"Potential 1",0.0889716933135319,1,"Non-euc","Eucalypt","small","small","N_NSW"
"926","Bruxner","small Non-euc","small Non-euc",0.0198258539045798,-0.106317767794896,0.145969475604056,-0.00394589747316474,0.0435976052823244,"Potential 1",0.252287243398952,NA,"Non-euc","Non-euc","small","small","N_NSW"
"142","Osullivans","large Eucalypt","large Eucalypt",-0.51116275930781,-0.794597042138036,-0.227728476477583,-0.532389568069,-0.48993595054662,"Potential 1",0.566868565660453,1,"Eucalypt","Eucalypt","large","large","N_NSW"
"234","Osullivans","large Non-euc","large Eucalypt",-0.179107832735111,-0.505682098531667,0.147466433061445,-0.186904009987641,-0.171311655482581,"Potential 1",0.653148531593111,NA,"Non-euc","Eucalypt","large","large","N_NSW"
"331","Osullivans","small Eucalypt","large Eucalypt",-0.086755534268488,-0.187940971041441,0.0144299025044647,-0.0913235604712626,-0.0821875080657133,"Potential 1",0.202370873545905,NA,"Eucalypt","Eucalypt","small","large","N_NSW"
"47","Osullivans","small Non-euc","large Eucalypt",-0.171625149319298,-0.267186132318255,-0.0760641663203419,-0.178246397906521,-0.165003900732076,"Potential 1",0.191121965997913,1,"Non-euc","Eucalypt","small","large","N_NSW"
"631","Osullivans","large Non-euc","large Non-euc",-0.155114603894907,-0.885983165072069,0.575753957282254,-0.167412961423101,-0.142816246366714,"Potential 1",1.46173712235432,NA,"Non-euc","Non-euc","large","large","N_NSW"
"74","Osullivans","small Eucalypt","large Non-euc",-0.185654246368881,-0.365253757710659,-0.00605473502710185,-0.189579414673588,-0.181729078064173,"Potential 1",0.359199022683557,1,"Eucalypt","Non-euc","small","large","N_NSW"
"84","Osullivans","small Non-euc","large Non-euc",0.0628027083087028,-0.115447576099896,0.241052992717301,0.0568885422645658,0.0687168743528398,"Potential 1",0.356500568817197,NA,"Non-euc","Non-euc","small","large","N_NSW"
"1111","Osullivans","small Eucalypt","small Eucalypt",0.153010669165325,-0.00241674446810186,0.308438082798751,0.144004536481455,0.162016801849194,"Potential 1",0.310854827266853,NA,"Eucalypt","Eucalypt","small","small","N_NSW"
"1211","Osullivans","small Non-euc","small Eucalypt",-0.0296359406554263,-0.0877394367489227,0.02846755543807,-0.0324954809456775,-0.0267764003651752,"Potential 1",0.116206992186993,NA,"Non-euc","Eucalypt","small","small","N_NSW"
"164","Osullivans","small Non-euc","small Non-euc",-0.21553401522044,-0.401954680200115,-0.0291133502407663,-0.234111728898811,-0.19695630154207,"Potential 1",0.372841329959348,1,"Non-euc","Non-euc","small","small","N_NSW"
"143","Herberton","large Eucalypt","large Eucalypt",-0.256009412647646,-0.769066751867822,0.25704792657253,-0.268748988769036,-0.243269836526256,"Potential 1",1.02611467844035,NA,"Eucalypt","Eucalypt","large","large","QLD"
"235","Herberton","small Eucalypt","large Eucalypt",-0.309760275743846,-0.47914406972148,-0.140376481766213,-0.315505025136288,-0.304015526351405,"Potential 1",0.338767587955267,1,"Eucalypt","Eucalypt","small","large","QLD"
"332","Herberton","small Non-euc","large Eucalypt",0.0604303611525393,-0.163439488034278,0.284300210339357,0.0563093726545018,0.0645513496505769,"Potential 1",0.447739698373636,NA,"Non-euc","Eucalypt","small","large","QLD"
"527","Herberton","small Eucalypt","small Eucalypt",-0.0485835024082806,-0.247897023801402,0.150730018984841,-0.0602642188353576,-0.0369027859812037,"Potential 1",0.398627042786242,NA,"Eucalypt","Eucalypt","small","small","QLD"
"632","Herberton","small Non-euc","small Eucalypt",0.0526061874966505,-0.0651658459971403,0.170378220990441,0.0491285685774017,0.0560838064158993,"Potential 1",0.235544066987582,NA,"Non-euc","Eucalypt","small","small","QLD"
"927","Herberton","small Non-euc","small Non-euc",0.424667736890276,0.252828677024126,0.596506796756425,0.416194763183595,0.433140710596957,"Potential 1",0.343678119732299,1,"Non-euc","Non-euc","small","small","QLD"
"144","Lamb Range","large Eucalypt","large Eucalypt",-0.108806678256665,-0.457970252076374,0.240356895563044,-0.114128759363046,-0.103484597150284,"Potential 1",0.698327147639418,NA,"Eucalypt","Eucalypt","large","large","QLD"
"236","Lamb Range","small Eucalypt","large Eucalypt",0.0249045228786061,-0.126244481744519,0.176053527501732,0.0216318282255745,0.0281772175316376,"Potential 1",0.302298009246251,NA,"Eucalypt","Eucalypt","small","large","QLD"
"333","Lamb Range","small Non-euc","large Eucalypt",-0.0298263152019399,-0.141624565702609,0.0819719352987296,-0.0323716480045296,-0.0272809823993502,"Potential 1",0.223596501001339,NA,"Non-euc","Eucalypt","small","large","QLD"
"528","Lamb Range","small Eucalypt","small Eucalypt",0.289927838939732,0.129745023165557,0.450110654713907,0.282756100590271,0.297099577289193,"Potential 1",0.320365631548349,1,"Eucalypt","Eucalypt","small","small","QLD"
"633","Lamb Range","small Non-euc","small Eucalypt",-0.0952841712658968,-0.169834238055472,-0.0207341044763213,-0.0978835240113164,-0.0926848185204771,"Potential 1",0.149100133579151,1,"Non-euc","Eucalypt","small","small","QLD"
"928","Lamb Range","small Non-euc","small Non-euc",0.145674808159004,0.00524118055470127,0.286108435763307,0.137406480176043,0.153943136141966,"Potential 1",0.280867255208606,1,"Non-euc","Non-euc","small","small","QLD"
"145","Baldy","large Eucalypt","large Eucalypt",-0.0988388908052929,-0.467586750380809,0.269908968770224,-0.105173684044742,-0.0925040975658441,"Potential 1",0.737495719151033,NA,"Eucalypt","Eucalypt","large","large","QLD"
"237","Baldy","small Eucalypt","large Eucalypt",0.0235884055992763,-0.151495843608453,0.198672654807005,0.0206625735889309,0.0265142376096216,"Potential 1",0.350168498415458,NA,"Eucalypt","Eucalypt","small","large","QLD"
"334","Baldy","small Non-euc","large Eucalypt",-0.100752886562765,-0.209131180584416,0.00762540745888479,-0.102991646455153,-0.0985141266703777,"Potential 1",0.2167565880433,NA,"Non-euc","Eucalypt","small","large","QLD"
"529","Baldy","small Eucalypt","small Eucalypt",0.174405835844728,-0.00828410652021999,0.357095778209675,0.170027958213743,0.178783713475713,"Potential 1",0.365379884729895,NA,"Eucalypt","Eucalypt","small","small","QLD"
"634","Baldy","small Non-euc","small Eucalypt",-0.024274932935569,-0.101406752901413,0.0528568870302754,-0.0264222394671554,-0.0221276264039826,"Potential 1",0.154263639931689,NA,"Non-euc","Eucalypt","small","small","QLD"
"929","Baldy","small Non-euc","small Non-euc",0.367982034854285,0.278502655905942,0.457461413802628,0.357052157990425,0.378911911718145,"Potential 1",0.178958757896686,1,"Non-euc","Non-euc","small","small","QLD"
"146","Koombooloomba","large Eucalypt","large Eucalypt",0.05761795357202,-0.168969843839867,0.284205750983907,0.0514242163490829,0.0638116907949571,"Potential 1",0.453175594823773,NA,"Eucalypt","Eucalypt","large","large","QLD"
"238","Koombooloomba","small Eucalypt","large Eucalypt",0.0357290253831994,-0.0608710159825045,0.132329066748903,0.0321598527931955,0.0392981979732033,"Potential 1",0.193200082731408,NA,"Eucalypt","Eucalypt","small","large","QLD"
"335","Koombooloomba","small Non-euc","large Eucalypt",-0.0821616820128042,-0.135012004969622,-0.0293113590559859,-0.084130510318262,-0.0801928537073463,"Potential 1",0.105700645913637,1,"Non-euc","Eucalypt","small","large","QLD"
"530","Koombooloomba","small Eucalypt","small Eucalypt",0.357703115974135,0.232284609180725,0.483121622767546,0.348708684871749,0.366697547076522,"Potential 1",0.250837013586821,1,"Eucalypt","Eucalypt","small","small","QLD"
"635","Koombooloomba","small Non-euc","small Eucalypt",0.0385211617871331,-0.00933680569447826,0.0863791292687445,0.0359252076829494,0.0411171158913169,"Potential 1",0.0957159349632228,NA,"Non-euc","Eucalypt","small","small","QLD"
"930","Koombooloomba","small Non-euc","small Non-euc",0.289413616148907,0.197948725012009,0.380878507285806,0.278560158913412,0.300267073384403,"Potential 1",0.182929782273796,1,"Non-euc","Non-euc","small","small","QLD"
"147","BlackRiver","large Eucalypt","large Eucalypt",-0.462676579677196,-0.742627130767284,-0.182726028587107,-0.475307630493153,-0.450045528861239,"Potential 1",0.559901102180177,1,"Eucalypt","Eucalypt","large","large","o_TAS"
"239","BlackRiver","small Eucalypt","large Eucalypt",-0.0197245286631291,-0.15126491741173,0.111815860085472,-0.0234114089082931,-0.0160376484179651,"Potential 1",0.263080777497201,NA,"Eucalypt","Eucalypt","small","large","o_TAS"
"336","BlackRiver","small Non-euc","large Eucalypt",-0.0809819609623713,-0.151423649784759,-0.0105402721399835,-0.0842791964489813,-0.0776847254757614,"Potential 1",0.140883377644776,1,"Non-euc","Eucalypt","small","large","o_TAS"
"531","BlackRiver","small Eucalypt","small Eucalypt",0.0795096261261595,-0.0749180015172021,0.233937253769521,0.0730924794152583,0.0859267728370608,"Potential 1",0.308855255286723,NA,"Eucalypt","Eucalypt","small","small","o_TAS"
"636","BlackRiver","small Non-euc","small Eucalypt",-0.0347136780307463,-0.0828611002559124,0.0134337441944198,-0.0368688837788429,-0.0325584722826497,"Potential 1",0.0962948444503322,NA,"Non-euc","Eucalypt","small","small","o_TAS"
"931","BlackRiver","small Non-euc","small Non-euc",0.0906842280828606,-0.0250026433411045,0.206371099506826,0.0781625347816804,0.103205921384041,"Potential 1",0.23137374284793,NA,"Non-euc","Non-euc","small","small","o_TAS"
"148","BondTier","large Eucalypt","large Eucalypt",-0.095309471216107,-0.34608427146965,0.155465329037436,-0.101315294252312,-0.0893036481799015,"Potential 1",0.501549600507086,NA,"Eucalypt","Eucalypt","large","large","o_TAS"
"240","BondTier","large Non-euc","large Eucalypt",-0.0729782756332818,-0.269584895712816,0.123628344446252,-0.0762150841224783,-0.0697414671440853,"Potential 1",0.393213240159068,NA,"Non-euc","Eucalypt","large","large","o_TAS"
"337","BondTier","small Eucalypt","large Eucalypt",0.356561374352815,0.0064853052900023,0.706637443415628,0.344947447767396,0.368175300938235,"Potential 1",0.700152138125626,1,"Eucalypt","Eucalypt","small","large","o_TAS"
"48","BondTier","small Non-euc","large Eucalypt",-0.0205586032227338,-0.0763332478132102,0.0352160413677427,-0.0228117894768299,-0.0183054169686376,"Potential 1",0.111549289180953,NA,"Non-euc","Eucalypt","small","large","o_TAS"
"637","BondTier","large Non-euc","large Non-euc",-0.0500939361040787,-0.448174912760505,0.347987040552348,-0.0564117160213938,-0.0437761561867636,"Potential 1",0.796161953312853,NA,"Non-euc","Non-euc","large","large","o_TAS"
"75","BondTier","small Eucalypt","large Non-euc",-0.853783878425085,-1.7876132955993,0.0800455387491246,-0.867559742416811,-0.84000801443336,"Potential 1",1.86765883434842,NA,"Eucalypt","Non-euc","small","large","o_TAS"
"85","BondTier","small Non-euc","large Non-euc",-0.0306234580545003,-0.128199224459988,0.066952308350987,-0.0335913316940552,-0.0276555844149453,"Potential 1",0.195151532810975,NA,"Non-euc","Non-euc","small","large","o_TAS"
"1112","BondTier","small Eucalypt","small Eucalypt",-0.393636432661292,-1.27009874269167,0.482825877369089,-0.40990121060482,-0.377371654717763,"Potential 1",1.75292462006076,NA,"Eucalypt","Eucalypt","small","small","o_TAS"
"1212","BondTier","small Non-euc","small Eucalypt",0.0946728362454442,-0.0131256696478787,0.202471342138767,0.0919819397863605,0.0973637327045279,"Potential 1",0.215597011786646,NA,"Non-euc","Eucalypt","small","small","o_TAS"
"165","BondTier","small Non-euc","small Non-euc",0.232710887016504,0.132457212437557,0.33296456159545,0.218281510707103,0.247140263325904,"Potential 1",0.200507349157894,1,"Non-euc","Non-euc","small","small","o_TAS"
"149","Supersite","large Eucalypt","large Eucalypt",-0.0762673842305322,-0.325204082111394,0.17266931365033,-0.083146904519898,-0.0693878639411664,"Potential 1",0.497873395761724,NA,"Eucalypt","Eucalypt","large","large","o_TAS"
"241","Supersite","large Non-euc","large Eucalypt",-0.405463713646265,-0.770871942188751,-0.0400554851037801,-0.413522039651937,-0.397405387640594,"Potential 1",0.73081645708497,1,"Non-euc","Eucalypt","large","large","o_TAS"
"338","Supersite","small Eucalypt","large Eucalypt",0.104746792650322,-0.128457028185015,0.33795061348566,0.0991948300643866,0.110298755236258,"Potential 1",0.466407641670675,NA,"Eucalypt","Eucalypt","small","large","o_TAS"
"49","Supersite","small Non-euc","large Eucalypt",0.0952479119485732,-0.00109086039422146,0.191586684291368,0.0908633759607773,0.099632447936369,"Potential 1",0.192677544685589,NA,"Non-euc","Eucalypt","small","large","o_TAS"
"638","Supersite","large Non-euc","large Non-euc",-0.423328707110521,-0.997636955244785,0.150979541023744,-0.435182590120284,-0.411474824100757,"Potential 1",1.14861649626853,NA,"Non-euc","Non-euc","large","large","o_TAS"
"76","Supersite","small Eucalypt","large Non-euc",-0.612848852373997,-1.16678481057239,-0.0589128941756065,-0.621853677135328,-0.603844027612666,"Potential 1",1.10787191639678,1,"Eucalypt","Non-euc","small","large","o_TAS"
"86","Supersite","small Non-euc","large Non-euc",0.162511351260214,-0.0261376947145664,0.351160397234995,0.156553981137431,0.168468721382997,"Potential 1",0.377298091949561,NA,"Non-euc","Non-euc","small","large","o_TAS"
"1113","Supersite","small Eucalypt","small Eucalypt",-0.0438605211704714,-0.416177803320386,0.328456760979443,-0.0503928429254846,-0.0373281994154582,"Potential 1",0.74463456429983,NA,"Eucalypt","Eucalypt","small","small","o_TAS"
"1213","Supersite","small Non-euc","small Eucalypt",0.0755242973655537,-0.0236144100693335,0.174663004800441,0.0719710260904707,0.0790775686406368,"Potential 1",0.198277414869774,NA,"Non-euc","Eucalypt","small","small","o_TAS"
"166","Supersite","small Non-euc","small Non-euc",0.354232904323848,0.263821244473727,0.444644564173969,0.340821106753887,0.367644701893808,"Potential 1",0.180823319700242,1,"Non-euc","Non-euc","small","small","o_TAS"
"150","Mackenzie","large Eucalypt","large Eucalypt",0.000227195385713121,-0.182834675925539,0.183289066696965,-0.00538279437563863,0.00583718514706487,"Potential 1",0.366123742622504,NA,"Eucalypt","Eucalypt","large","large","d_TAS"
"242","Mackenzie","small Eucalypt","large Eucalypt",-0.0326224306305189,-0.0958383494864833,0.0305934882254456,-0.0343779844190529,-0.0308668768419849,"Potential 1",0.126431837711929,NA,"Eucalypt","Eucalypt","small","large","d_TAS"
"339","Mackenzie","small Non-euc","large Eucalypt",-0.0119116369613531,-0.0746086769993227,0.0507854030766165,-0.0145735596007063,-0.00924971432199983,"Potential 1",0.125394080075939,NA,"Non-euc","Eucalypt","small","large","d_TAS"
"532","Mackenzie","small Eucalypt","small Eucalypt",0.177245985987699,0.0447859608437672,0.309706011131631,0.169687785609718,0.18480418636568,"Potential 1",0.264920050287864,1,"Eucalypt","Eucalypt","small","small","d_TAS"
"639","Mackenzie","small Non-euc","small Eucalypt",-0.0591487791807659,-0.105553736849475,-0.0127438215120568,-0.0619586701508596,-0.0563388882106721,"Potential 1",0.0928099153374181,1,"Non-euc","Eucalypt","small","small","d_TAS"
"932","Mackenzie","small Non-euc","small Non-euc",0.268441217735838,0.167222049967484,0.369660385504193,0.255949844023203,0.280932591448474,"Potential 1",0.202438335536709,1,"Non-euc","Non-euc","small","small","d_TAS"
"151","MtMaurice","large Eucalypt","large Eucalypt",-0.284487070200812,-0.573914994801682,0.00494085440005715,-0.295978024654289,-0.272996115747335,"Potential 1",0.578855849201739,NA,"Eucalypt","Eucalypt","large","large","d_TAS"
"243","MtMaurice","small Eucalypt","large Eucalypt",-0.0428554410454517,-0.142299756976702,0.056588874885799,-0.0471049188703937,-0.0386059632205097,"Potential 1",0.198888631862501,NA,"Eucalypt","Eucalypt","small","large","d_TAS"
"340","MtMaurice","small Non-euc","large Eucalypt",-0.0116298343599875,-0.152530246106474,0.129270577386499,-0.0157347845438147,-0.00752488417616017,"Potential 1",0.281800823492973,NA,"Non-euc","Eucalypt","small","large","d_TAS"
"533","MtMaurice","small Eucalypt","small Eucalypt",0.25052946945243,0.131724369428614,0.369334569476245,0.237040909391728,0.264018029513132,"Potential 1",0.237610200047631,1,"Eucalypt","Eucalypt","small","small","d_TAS"
"640","MtMaurice","small Non-euc","small Eucalypt",0.104755504599756,0.00592434616961228,0.2035866630299,0.0998991712940816,0.109611837905431,"Potential 1",0.197662316860288,1,"Non-euc","Eucalypt","small","small","d_TAS"
"933","MtMaurice","small Non-euc","small Non-euc",0.214916261366922,0.0351978290028126,0.394634693731032,0.207562322955758,0.222270199778087,"Potential 1",0.35943686472822,1,"Non-euc","Non-euc","small","small","d_TAS"
"152","BenRidge","large Eucalypt","large Eucalypt",-0.046398714058217,-0.233827349678147,0.141029921561713,-0.0540340635527819,-0.0387633645636522,"Potential 1",0.37485727123986,NA,"Eucalypt","Eucalypt","large","large","d_TAS"
"244","BenRidge","small Eucalypt","large Eucalypt",-0.0833065768178701,-0.126394232603091,-0.0402189210326495,-0.0851893037774717,-0.0814238498582686,"Potential 1",0.0861753115704412,1,"Eucalypt","Eucalypt","small","large","d_TAS"
"341","BenRidge","small Non-euc","large Eucalypt",-0.0443143404912719,-0.10145660615724,0.0128279251746966,-0.0465821408249686,-0.0420465401575752,"Potential 1",0.114284531331937,NA,"Non-euc","Eucalypt","small","large","d_TAS"
"534","BenRidge","small Eucalypt","small Eucalypt",0.309043664172977,0.204374784698686,0.413712543647269,0.298769481452237,0.319317846893718,"Potential 1",0.209337758948583,1,"Eucalypt","Eucalypt","small","small","d_TAS"
"641","BenRidge","small Non-euc","small Eucalypt",-0.0206076589208024,-0.0459631697235273,0.00474785188192261,-0.0229904563033931,-0.0182248615382116,"Potential 1",0.0507110216054499,NA,"Non-euc","Eucalypt","small","small","d_TAS"
"934","BenRidge","small Non-euc","small Non-euc",0.279048198823945,0.177130068287191,0.3809663293607,0.268590180755453,0.289506216892438,"Potential 1",0.203836261073508,1,"Non-euc","Non-euc","small","small","d_TAS"
"153","MtField","large Eucalypt","large Eucalypt",-0.361082375146589,-0.635265146087962,-0.0868996042052159,-0.373894803459672,-0.348269946833506,"Potential 1",0.548365541882747,1,"Eucalypt","Eucalypt","large","large","d_TAS"
"245","MtField","small Eucalypt","large Eucalypt",0.167577541978346,0.00382762953586821,0.331327454420824,0.161297463200195,0.173857620756497,"Potential 1",0.327499824884956,1,"Eucalypt","Eucalypt","small","large","d_TAS"
"342","MtField","small Non-euc","large Eucalypt",-0.0261973202466328,-0.115069358758528,0.0626747182652622,-0.0305495512003793,-0.0218450892928864,"Potential 1",0.17774407702379,NA,"Non-euc","Eucalypt","small","large","d_TAS"
"535","MtField","small Eucalypt","small Eucalypt",-0.0163705993871831,-0.187832990020732,0.155091791246366,-0.0246436892419786,-0.00809750953238749,"Potential 1",0.342924781267098,NA,"Eucalypt","Eucalypt","small","small","d_TAS"
"642","MtField","small Non-euc","small Eucalypt",0.0114366013505554,-0.0646123774611227,0.0874855801622336,0.00695365255629136,0.0159195501448195,"Potential 1",0.152097957623356,NA,"Non-euc","Eucalypt","small","small","d_TAS"
"935","MtField","small Non-euc","small Non-euc",0.152691299299203,0.0285506040126351,0.276831994585771,0.137416560040899,0.167966038557507,"Potential 1",0.248281390573136,1,"Non-euc","Non-euc","small","small","d_TAS"
"154","Caveside","large Eucalypt","large Eucalypt",-0.162994462599169,-0.434047793573306,0.108058868374969,-0.170090437671706,-0.155898487526632,"Potential 1",0.542106661948275,NA,"Eucalypt","Eucalypt","large","large","d_TAS"
"246","Caveside","small Eucalypt","large Eucalypt",0.0377202952592595,-0.0605820728679055,0.136022663386425,0.0351614989540505,0.0402790915644685,"Potential 1",0.19660473625433,NA,"Eucalypt","Eucalypt","small","large","d_TAS"
"343","Caveside","small Non-euc","large Eucalypt",-0.00759310316551149,-0.0332394605907682,0.0180532542597452,-0.00846582589659325,-0.00672038043442973,"Potential 1",0.0512927148505134,NA,"Non-euc","Eucalypt","small","large","d_TAS"
"536","Caveside","small Eucalypt","small Eucalypt",0.142413723382275,-0.0228555758211983,0.307683022585747,0.131895721006334,0.152931725758215,"Potential 1",0.330538598406946,NA,"Eucalypt","Eucalypt","small","small","d_TAS"
"643","Caveside","small Non-euc","small Eucalypt",-0.0290056558053982,-0.042397384339179,-0.0156139272716175,-0.0300076060968097,-0.0280037055139868,"Potential 1",0.0267834570675615,1,"Non-euc","Eucalypt","small","small","d_TAS"
"936","Caveside","small Non-euc","small Non-euc",0.203025521867755,0.0936229681962505,0.312428075539259,0.166271256005412,0.239779787730098,"Potential 1",0.218805107343009,1,"Non-euc","Non-euc","small","small","d_TAS"
