"","from","to","alpha","lo","hi","lo_numerical","hi_numerical","Potential","site","new_from","new_to","region","sig","fill_col","region2"
"1","Eucalyptus diversicolor","Eucalyptus diversicolor",0.156640162436925,-0.0100525602818793,0.323332885155729,0.15143999703907,0.161840327834779,"Potential 1","Frankland","Eucalyptus diversicolor","Eucalyptus diversicolor","WA",NA,NA,"WA"
"2","Eucalyptus guilfoylei","Eucalyptus diversicolor",-0.0979492347706964,-0.199063220015446,0.00316475047405279,-0.100339043103105,-0.0955594264382875,"Potential 1","Frankland","Eucalyptus guilfoylei","Eucalyptus diversicolor","WA",NA,NA,"WA"
"3","Non-euc","Eucalyptus diversicolor",-0.0235898476165596,-0.229590161474859,0.182410466241739,-0.0266426237094328,-0.0205370715236864,"Potential 1","Frankland","Non-euc","Eucalyptus diversicolor","WA",NA,NA,"WA"
"5","Eucalyptus guilfoylei","Eucalyptus guilfoylei",0.119947330812283,-0.0674577991067809,0.307352460731346,0.111079291918216,0.12881536970635,"Potential 1","Frankland","Eucalyptus guilfoylei","Eucalyptus guilfoylei","WA",NA,NA,"WA"
"6","Non-euc","Eucalyptus guilfoylei",0.40297383241281,0.0743091832049848,0.731638481620635,0.394176053752554,0.411771611073066,"Potential 1","Frankland","Non-euc","Eucalyptus guilfoylei","WA",1,"WA","WA"
"9","Non-euc","Non-euc",-0.464256739113868,-1.3117206053254,0.383207127097665,-0.478590377319836,-0.449923100907899,"Potential 1","Frankland","Non-euc","Non-euc","WA",NA,NA,"WA"
"11","Eucalyptus diversicolor","Eucalyptus diversicolor",0.0998027849377766,-0.0920457757675738,0.291651345643127,0.0922830961265223,0.107322473749031,"Potential 1","Collins","Eucalyptus diversicolor","Eucalyptus diversicolor","WA",NA,NA,"WA"
"21","Non-euc","Eucalyptus diversicolor",-0.0632653742795998,-0.168158174391404,0.0416274258322049,-0.0661244674616452,-0.0604062810975544,"Potential 1","Collins","Non-euc","Eucalyptus diversicolor","WA",NA,NA,"WA"
"4","Non-euc","Non-euc",0.392545614529536,0.325033096616562,0.46005813244251,0.380142646320031,0.404948582739041,"Potential 1","Collins","Non-euc","Non-euc","WA",1,"WA","WA"
"12","Eucalyptus guilfoylei","Eucalyptus guilfoylei",0.34995308318733,-0.480665687551852,1.18057185392651,0.336623750636388,0.363282415738271,"Potential 1","Clare","Eucalyptus guilfoylei","Eucalyptus guilfoylei","WA",NA,NA,"WA"
"22","Eucalyptus jacksonii","Eucalyptus guilfoylei",0.816619882874896,-0.109682572747206,1.742922338497,0.796237957941918,0.837001807807873,"Potential 1","Clare","Eucalyptus jacksonii","Eucalyptus guilfoylei","WA",NA,NA,"WA"
"31","Non-euc","Eucalyptus guilfoylei",-0.167745042073585,-0.409330039401773,0.0738399552546021,-0.171640895494761,-0.163849188652409,"Potential 1","Clare","Non-euc","Eucalyptus guilfoylei","WA",NA,NA,"WA"
"51","Eucalyptus jacksonii","Eucalyptus jacksonii",-2.14172337795822,-3.92851690670508,-0.354929849211369,-2.19242279346811,-2.09102396244834,"Potential 1","Clare","Eucalyptus jacksonii","Eucalyptus jacksonii","WA",1,"WA","WA"
"61","Non-euc","Eucalyptus jacksonii",0.015288831709994,-0.30374288578247,0.334320549202458,0.00814293616813201,0.022434727251856,"Potential 1","Clare","Non-euc","Eucalyptus jacksonii","WA",NA,NA,"WA"
"91","Non-euc","Non-euc",0.177980712285154,0.012261170944988,0.34370025362532,0.171983548850865,0.183977875719443,"Potential 1","Clare","Non-euc","Non-euc","WA",1,"WA","WA"
"13","Corymbia calophylla","Corymbia calophylla",0.420555887756893,0.312031789999701,0.529079985514085,0.409489052934364,0.431622722579423,"Potential 1","Sutton","Corymbia calophylla","Corymbia calophylla","WA",1,"WA","WA"
"23","Eucalyptus diversicolor","Corymbia calophylla",-0.0826188748617916,-0.130015449687938,-0.0352223000356448,-0.0851665579966447,-0.0800711917269386,"Potential 1","Sutton","Eucalyptus diversicolor","Corymbia calophylla","WA",1,"WA","WA"
"32","Non-euc","Corymbia calophylla",-0.0154802723927547,-0.0758413603862293,0.04488081560072,-0.0178347274689815,-0.0131258173165279,"Potential 1","Sutton","Non-euc","Corymbia calophylla","WA",NA,NA,"WA"
"52","Eucalyptus diversicolor","Eucalyptus diversicolor",-0.0899183312060527,-0.279236784052658,0.0994001216405532,-0.0994953564063515,-0.0803413060057538,"Potential 1","Sutton","Eucalyptus diversicolor","Eucalyptus diversicolor","WA",NA,NA,"WA"
"62","Non-euc","Eucalyptus diversicolor",-0.123767963704696,-0.228026857608381,-0.0195090698010121,-0.127679172125234,-0.119856755284159,"Potential 1","Sutton","Non-euc","Eucalyptus diversicolor","WA",1,"WA","WA"
"92","Non-euc","Non-euc",0.410348727478631,0.244030309232891,0.576667145724372,0.392072036001684,0.428625418955578,"Potential 1","Sutton","Non-euc","Non-euc","WA",1,"WA","WA"
"14","Corymbia calophylla","Corymbia calophylla",0.503114628727439,0.233841432279255,0.772387825175622,0.489923942527635,0.516305314927242,"Potential 1","Giants","Corymbia calophylla","Corymbia calophylla","WA",1,"WA","WA"
"24","Eucalyptus jacksonii","Corymbia calophylla",-0.0880986265761209,-0.20532306989911,0.0291258167468685,-0.0907726815684951,-0.0854245715837467,"Potential 1","Giants","Eucalyptus jacksonii","Corymbia calophylla","WA",NA,NA,"WA"
"33","Non-euc","Corymbia calophylla",-0.120680499410517,-0.286640301673793,0.04527930285276,-0.123655126450674,-0.117705872370359,"Potential 1","Giants","Non-euc","Corymbia calophylla","WA",NA,NA,"WA"
"53","Eucalyptus jacksonii","Eucalyptus jacksonii",0.344526162793522,0.250683853590045,0.438368471997,0.334714578190334,0.354337747396711,"Potential 1","Giants","Eucalyptus jacksonii","Eucalyptus jacksonii","WA",1,"WA","WA"
"63","Non-euc","Eucalyptus jacksonii",-0.095476052906816,-0.132901700617784,-0.0580504051958483,-0.0974466958995188,-0.0935054099141131,"Potential 1","Giants","Non-euc","Eucalyptus jacksonii","WA",1,"WA","WA"
"93","Non-euc","Non-euc",0.147999399639771,-0.0160109868130879,0.312009786092631,0.139759898964543,0.156238900315,"Potential 1","Giants","Non-euc","Non-euc","WA",NA,NA,"WA"
"15","Eucalyptus diversicolor","Eucalyptus diversicolor",-0.283091583378973,-0.583945814180193,0.017762647422246,-0.295262130475959,-0.270921036281988,"Potential 1","Warren","Eucalyptus diversicolor","Eucalyptus diversicolor","WA",NA,NA,"WA"
"25","Non-euc","Eucalyptus diversicolor",-0.124639251388091,-0.250202699839489,0.00092419706330657,-0.128842689476967,-0.120435813299215,"Potential 1","Warren","Non-euc","Eucalyptus diversicolor","WA",NA,NA,"WA"
"41","Non-euc","Non-euc",0.342180758893954,0.19451661716892,0.489844900618988,0.332535469388475,0.351826048399433,"Potential 1","Warren","Non-euc","Non-euc","WA",1,"WA","WA"
"16","Eucalyptus diversicolor","Eucalyptus diversicolor",0.0376791344118644,-0.172185915392022,0.247544184215751,0.0313267012847752,0.0440315675389536,"Potential 1","Dawson","Eucalyptus diversicolor","Eucalyptus diversicolor","WA",NA,NA,"WA"
"26","Non-euc","Eucalyptus diversicolor",-0.0717492766715589,-0.170705912427459,0.027207359084341,-0.0747923409140603,-0.0687062124290576,"Potential 1","Dawson","Non-euc","Eucalyptus diversicolor","WA",NA,NA,"WA"
"42","Non-euc","Non-euc",0.254099799773425,0.143811495527517,0.364388104019333,0.246509423522172,0.261690176024678,"Potential 1","Dawson","Non-euc","Non-euc","WA",1,"WA","WA"
"17","Corymbia calophylla","Corymbia calophylla",0.268878817055724,-0.215811522038618,0.753569156150065,0.260931121153931,0.276826512957516,"Potential 1","Carey","Corymbia calophylla","Corymbia calophylla","WA",NA,NA,"WA"
"27","Eucalyptus diversicolor","Corymbia calophylla",-0.103695046857347,-0.293446617610489,0.0860565238957945,-0.106197413820982,-0.101192679893712,"Potential 1","Carey","Eucalyptus diversicolor","Corymbia calophylla","WA",NA,NA,"WA"
"34","Non-euc","Corymbia calophylla",-0.100949110519807,-0.324857647155685,0.12295942611607,-0.103809582660573,-0.0980886383790419,"Potential 1","Carey","Non-euc","Corymbia calophylla","WA",NA,NA,"WA"
"54","Eucalyptus diversicolor","Eucalyptus diversicolor",-0.102425399558404,-0.362846337907885,0.157995538791076,-0.107835496442227,-0.097015302674581,"Potential 1","Carey","Eucalyptus diversicolor","Eucalyptus diversicolor","WA",NA,NA,"WA"
"64","Non-euc","Eucalyptus diversicolor",-0.102200843073048,-0.226787450676183,0.0223857645300872,-0.104540364792406,-0.0998613213536892,"Potential 1","Carey","Non-euc","Eucalyptus diversicolor","WA",NA,NA,"WA"
"94","Non-euc","Non-euc",0.210727024661137,0.0122947240694844,0.409159325252789,0.20536204180022,0.216092007522053,"Potential 1","Carey","Non-euc","Non-euc","WA",1,"WA","WA"
"18","Eucalyptus diversicolor","Eucalyptus diversicolor",0.0444856617817816,-0.139649443257354,0.228620766820917,0.0383856541089544,0.0505856694546088,"Potential 1","Dombakup","Eucalyptus diversicolor","Eucalyptus diversicolor","WA",NA,NA,"WA"
"28","Non-euc","Eucalyptus diversicolor",-0.0188654921587171,-0.0827619572932055,0.0450309729757713,-0.0215810805077582,-0.016149903809676,"Potential 1","Dombakup","Non-euc","Eucalyptus diversicolor","WA",NA,NA,"WA"
"43","Non-euc","Non-euc",0.287779708284229,0.181816708026207,0.39374270854225,0.277188375003574,0.298371041564883,"Potential 1","Dombakup","Non-euc","Non-euc","WA",1,"WA","WA"
"19","Eucalyptus obliqua","Eucalyptus obliqua",0.0995567725695017,-0.0541681354051892,0.253281680544193,0.0916626972783523,0.107450847860651,"Potential 1","Bird","Eucalyptus obliqua","Eucalyptus obliqua","S_TAS",NA,NA,"TAS"
"29","Non-euc","Eucalyptus obliqua",0.0722329739567568,-0.0044541994714551,0.148920147384969,0.0678084749569725,0.0766574729565412,"Potential 1","Bird","Non-euc","Eucalyptus obliqua","S_TAS",NA,NA,"TAS"
"44","Non-euc","Non-euc",0.19468479804791,0.0791280728744449,0.310241523221376,0.181341152054246,0.208028444041575,"Potential 1","Bird","Non-euc","Non-euc","S_TAS",1,"S_TAS","TAS"
"110","Eucalyptus obliqua","Eucalyptus obliqua",-0.0724826875652834,-0.247158926763657,0.10219355163309,-0.0825437535327793,-0.0624216215977876,"Potential 1","Flowerdale","Eucalyptus obliqua","Eucalyptus obliqua","N_TAS",NA,NA,"TAS"
"210","Non-euc","Eucalyptus obliqua",-0.0722290580076041,-0.136832024596185,-0.00762609141902335,-0.0759693103783512,-0.0684888056368571,"Potential 1","Flowerdale","Non-euc","Eucalyptus obliqua","N_TAS",1,"N_TAS","TAS"
"45","Non-euc","Non-euc",0.265127209943055,0.157298605842885,0.372955814043225,0.25380175292304,0.276452666963069,"Potential 1","Flowerdale","Non-euc","Non-euc","N_TAS",1,"N_TAS","TAS"
"111","Eucalyptus obliqua","Eucalyptus obliqua",0.0425167565884044,-0.211010341654085,0.296043854830894,0.0371224454291693,0.0479110677476395,"Potential 1","Dip","Eucalyptus obliqua","Eucalyptus obliqua","N_TAS",NA,NA,"TAS"
"211","Non-euc","Eucalyptus obliqua",-0.000127779736507094,-0.0370236187818959,0.0367680593088817,-0.0013792225629655,0.00112366308995131,"Potential 1","Dip","Non-euc","Eucalyptus obliqua","N_TAS",NA,NA,"TAS"
"46","Non-euc","Non-euc",0.46319012799651,0.382468076628435,0.543912179364585,0.44416989268218,0.48221036331084,"Potential 1","Dip","Non-euc","Non-euc","N_TAS",1,"N_TAS","TAS"
"112","Eucalyptus obliqua","Eucalyptus obliqua",-0.0036424114437095,-0.348620433660199,0.34133561077278,-0.0105041565138211,0.00321933362640209,"Potential 1","Weld","Eucalyptus obliqua","Eucalyptus obliqua","S_TAS",NA,NA,"TAS"
"212","Eucalyptus regnans","Eucalyptus obliqua",0.305014032541388,0.0776134008128965,0.532414664269879,0.299204269527897,0.310823795554878,"Potential 1","Weld","Eucalyptus regnans","Eucalyptus obliqua","S_TAS",1,"S_TAS","TAS"
"35","Non-euc","Eucalyptus obliqua",0.00966287991600065,-0.0771280057383014,0.0964537655703027,0.00773459363545554,0.0115911661965458,"Potential 1","Weld","Non-euc","Eucalyptus obliqua","S_TAS",NA,NA,"TAS"
"55","Eucalyptus regnans","Eucalyptus regnans",0.174919733961216,-0.0232367315982588,0.373076199520691,0.168080444671678,0.181759023250754,"Potential 1","Weld","Eucalyptus regnans","Eucalyptus regnans","S_TAS",NA,NA,"TAS"
"65","Non-euc","Eucalyptus regnans",-0.0100829269170943,-0.0629683237972103,0.0428024699630217,-0.0119825763013704,-0.00818327753281819,"Potential 1","Weld","Non-euc","Eucalyptus regnans","S_TAS",NA,NA,"TAS"
"95","Non-euc","Non-euc",0.222289826753285,0.107630692907039,0.336948960599531,0.214484356447764,0.230095297058806,"Potential 1","Weld","Non-euc","Non-euc","S_TAS",1,"S_TAS","TAS"
"113","Eucalyptus obliqua","Eucalyptus obliqua",-0.0649073602099677,-0.201326838564518,0.0715121181445822,-0.0756450731160055,-0.0541696473039298,"Potential 1","ZigZag","Eucalyptus obliqua","Eucalyptus obliqua","S_TAS",NA,NA,"TAS"
"213","Eucalyptus regnans","Eucalyptus obliqua",-0.185418400261096,-0.351740571827716,-0.0190962286944764,-0.191205535536258,-0.179631264985935,"Potential 1","ZigZag","Eucalyptus regnans","Eucalyptus obliqua","S_TAS",1,"S_TAS","TAS"
"36","Non-euc","Eucalyptus obliqua",-0.0280703909528903,-0.0845324613915313,0.0283916794857507,-0.032692202829688,-0.0234485790760925,"Potential 1","ZigZag","Non-euc","Eucalyptus obliqua","S_TAS",NA,NA,"TAS"
"56","Eucalyptus regnans","Eucalyptus regnans",0.358899224727361,0.00557224429996733,0.712226205154755,0.345992632765581,0.371805816689141,"Potential 1","ZigZag","Eucalyptus regnans","Eucalyptus regnans","S_TAS",1,"S_TAS","TAS"
"66","Non-euc","Eucalyptus regnans",0.0646709453919543,-0.0208694243311361,0.150211315115045,0.0617627905781883,0.0675791002057203,"Potential 1","ZigZag","Non-euc","Eucalyptus regnans","S_TAS",NA,NA,"TAS"
"96","Non-euc","Non-euc",0.0192141750100755,-0.105019965493522,0.143448315513673,-0.00755679089811293,0.0459851409182639,"Potential 1","ZigZag","Non-euc","Non-euc","S_TAS",NA,NA,"TAS"
"114","Eucalyptus delegatensis","Eucalyptus delegatensis",0.512326563389308,0.381991827938755,0.642661298839862,0.500795013149839,0.523858113628778,"Potential 1","NorthStyx","Eucalyptus delegatensis","Eucalyptus delegatensis","S_TAS",1,"S_TAS","TAS"
"214","Eucalyptus regnans","Eucalyptus delegatensis",-0.0187548556904273,-0.0577853039296638,0.0202755925488093,-0.0209988042710453,-0.0165109071098093,"Potential 1","NorthStyx","Eucalyptus regnans","Eucalyptus delegatensis","S_TAS",NA,NA,"TAS"
"37","Non-euc","Eucalyptus delegatensis",0.0543153183395971,0.00510666055026096,0.103523976128933,0.0505394056528677,0.0580912310263265,"Potential 1","NorthStyx","Non-euc","Eucalyptus delegatensis","S_TAS",1,"S_TAS","TAS"
"57","Eucalyptus regnans","Eucalyptus regnans",0.261768356986684,0.165662277915801,0.357874436057567,0.25324627815359,0.270290435819778,"Potential 1","NorthStyx","Eucalyptus regnans","Eucalyptus regnans","S_TAS",1,"S_TAS","TAS"
"67","Non-euc","Eucalyptus regnans",0.017004984725999,-0.0251416197916914,0.0591515892436895,0.0138945185697226,0.0201154508822754,"Potential 1","NorthStyx","Non-euc","Eucalyptus regnans","S_TAS",NA,NA,"TAS"
"97","Non-euc","Non-euc",0.348792835172616,0.235305835279441,0.462279835065791,0.338113009511165,0.359472660834067,"Potential 1","NorthStyx","Non-euc","Non-euc","S_TAS",1,"S_TAS","TAS"
"115","Eucalyptus cypellocarpa","Eucalyptus cypellocarpa",0.0782957386100611,-0.104632359142763,0.261223836362885,0.0725360777787147,0.0840553994414074,"Potential 1","Newline","Eucalyptus cypellocarpa","Eucalyptus cypellocarpa","SE_NSW",NA,NA,"SE_AUS"
"215","Eucalyptus fastigata","Eucalyptus cypellocarpa",-0.000355837881188221,-0.0903602577875876,0.0896485820252111,-0.0031123379678475,0.00240066220547106,"Potential 1","Newline","Eucalyptus fastigata","Eucalyptus cypellocarpa","SE_NSW",NA,NA,"SE_AUS"
"38","Eucalyptus obliqua","Eucalyptus cypellocarpa",0.0938548158021987,-0.0177036485802563,0.205413280184654,0.0906457443926506,0.0970638872117469,"Potential 1","Newline","Eucalyptus obliqua","Eucalyptus cypellocarpa","SE_NSW",NA,NA,"SE_AUS"
"47","Eucalyptus radiata","Eucalyptus cypellocarpa",-0.235319369363774,-0.444422127529944,-0.0262166111976044,-0.239599135189362,-0.231039603538186,"Potential 1","Newline","Eucalyptus radiata","Eucalyptus cypellocarpa","SE_NSW",1,"SE_NSW","SE_AUS"
"68","Eucalyptus fastigata","Eucalyptus fastigata",0.12846228644113,-0.00198645563368283,0.258911028515944,0.121470987859709,0.135453585022552,"Potential 1","Newline","Eucalyptus fastigata","Eucalyptus fastigata","SE_NSW",NA,NA,"SE_AUS"
"7","Eucalyptus obliqua","Eucalyptus fastigata",-0.0925027382674008,-0.157749951174864,-0.0272555253599378,-0.0946693340580707,-0.0903361424767309,"Potential 1","Newline","Eucalyptus obliqua","Eucalyptus fastigata","SE_NSW",1,"SE_NSW","SE_AUS"
"8","Eucalyptus radiata","Eucalyptus fastigata",-0.0452771705276983,-0.183760676432923,0.0932063353775263,-0.0483709355952896,-0.042183405460107,"Potential 1","Newline","Eucalyptus radiata","Eucalyptus fastigata","SE_NSW",NA,NA,"SE_AUS"
"116","Eucalyptus obliqua","Eucalyptus obliqua",0.274673511629873,0.111630059352434,0.437716963907311,0.26752663282277,0.281820390436975,"Potential 1","Newline","Eucalyptus obliqua","Eucalyptus obliqua","SE_NSW",1,"SE_NSW","SE_AUS"
"121","Eucalyptus radiata","Eucalyptus obliqua",0.144448526784664,-0.00953697480655966,0.298434028375887,0.140239618528059,0.148657435041269,"Potential 1","Newline","Eucalyptus radiata","Eucalyptus obliqua","SE_NSW",NA,NA,"SE_AUS"
"161","Eucalyptus radiata","Eucalyptus radiata",0.264776949671236,-0.0709334909318737,0.600487390274346,0.254395092352242,0.27515880699023,"Potential 1","Newline","Eucalyptus radiata","Eucalyptus radiata","SE_NSW",NA,NA,"SE_AUS"
"117","Eucalyptus cypellocarpa","Eucalyptus cypellocarpa",0.0550355009292502,-0.236949580779327,0.347020582637827,0.0491000618337842,0.0609709400247162,"Potential 1","WaratahMix","Eucalyptus cypellocarpa","Eucalyptus cypellocarpa","SE_NSW",NA,NA,"SE_AUS"
"216","Eucalyptus fastigata","Eucalyptus cypellocarpa",-0.146384495063397,-0.26270015604615,-0.0300688340806436,-0.148483395624677,-0.144285594502116,"Potential 1","WaratahMix","Eucalyptus fastigata","Eucalyptus cypellocarpa","SE_NSW",1,"SE_NSW","SE_AUS"
"39","Eucalyptus obliqua","Eucalyptus cypellocarpa",-0.0409449716918434,-0.179705697047923,0.0978157536642364,-0.0437847129690899,-0.0381052304145969,"Potential 1","WaratahMix","Eucalyptus obliqua","Eucalyptus cypellocarpa","SE_NSW",NA,NA,"SE_AUS"
"48","Eucalyptus radiata","Eucalyptus cypellocarpa",-0.0134483687439614,-0.0859832965618253,0.0590865590739025,-0.0152797465898385,-0.0116169908980842,"Potential 1","WaratahMix","Eucalyptus radiata","Eucalyptus cypellocarpa","SE_NSW",NA,NA,"SE_AUS"
"69","Eucalyptus fastigata","Eucalyptus fastigata",0.0596308494290825,-0.12162193763737,0.240883636495535,0.0546185959613069,0.064643102896858,"Potential 1","WaratahMix","Eucalyptus fastigata","Eucalyptus fastigata","SE_NSW",NA,NA,"SE_AUS"
"71","Eucalyptus obliqua","Eucalyptus fastigata",-0.0625515165992176,-0.147803396256992,0.0227003630585569,-0.0645675522994285,-0.0605354808990067,"Potential 1","WaratahMix","Eucalyptus obliqua","Eucalyptus fastigata","SE_NSW",NA,NA,"SE_AUS"
"81","Eucalyptus radiata","Eucalyptus fastigata",-0.0525054056361122,-0.117213299144571,0.0122024878723464,-0.0541690604521278,-0.0508417508200965,"Potential 1","WaratahMix","Eucalyptus radiata","Eucalyptus fastigata","SE_NSW",NA,NA,"SE_AUS"
"118","Eucalyptus obliqua","Eucalyptus obliqua",0.216910493209719,0.0467389311599171,0.387082055259522,0.210532521471013,0.223288464948426,"Potential 1","WaratahMix","Eucalyptus obliqua","Eucalyptus obliqua","SE_NSW",1,"SE_NSW","SE_AUS"
"122","Eucalyptus radiata","Eucalyptus obliqua",-0.0665761966632997,-0.123861499156639,-0.00929089416996069,-0.0684743734215755,-0.0646780199050239,"Potential 1","WaratahMix","Eucalyptus radiata","Eucalyptus obliqua","SE_NSW",1,"SE_NSW","SE_AUS"
"162","Eucalyptus radiata","Eucalyptus radiata",0.276619595031178,0.154885832863468,0.398353357198889,0.269001174956468,0.284238015105889,"Potential 1","WaratahMix","Eucalyptus radiata","Eucalyptus radiata","SE_NSW",1,"SE_NSW","SE_AUS"
"119","Eucalyptus fastigata","Eucalyptus fastigata",0.363369392987867,0.231997148228105,0.49474163774763,0.3546419046995,0.372096881276235,"Potential 1","WogWay","Eucalyptus fastigata","Eucalyptus fastigata","SE_NSW",1,"SE_NSW","SE_AUS"
"217","Eucalyptus obliqua","Eucalyptus fastigata",-0.0621687155155208,-0.210841889678261,0.0865044586472189,-0.0644824755321743,-0.0598549554988673,"Potential 1","WogWay","Eucalyptus obliqua","Eucalyptus fastigata","SE_NSW",NA,NA,"SE_AUS"
"310","Eucalyptus viminalis","Eucalyptus fastigata",-0.0886712505948271,-0.158306855660958,-0.019035645528696,-0.0908490789799588,-0.0864934222096954,"Potential 1","WogWay","Eucalyptus viminalis","Eucalyptus fastigata","SE_NSW",1,"SE_NSW","SE_AUS"
"49","Non-euc","Eucalyptus fastigata",-0.0403830113132768,-0.168065691076021,0.0872996684494679,-0.0433940252642547,-0.0373719973622989,"Potential 1","WogWay","Non-euc","Eucalyptus fastigata","SE_NSW",NA,NA,"SE_AUS"
"610","Eucalyptus obliqua","Eucalyptus obliqua",0.348295631156954,0.0478164130087534,0.648774849305155,0.341325495203488,0.355265767110421,"Potential 1","WogWay","Eucalyptus obliqua","Eucalyptus obliqua","SE_NSW",1,"SE_NSW","SE_AUS"
"72","Eucalyptus viminalis","Eucalyptus obliqua",0.0308500318985172,-0.057868931700429,0.119568995497463,0.0280637687370934,0.0336362950599411,"Potential 1","WogWay","Eucalyptus viminalis","Eucalyptus obliqua","SE_NSW",NA,NA,"SE_AUS"
"82","Non-euc","Eucalyptus obliqua",-0.0463322908819704,-0.379813697782622,0.287149116018682,-0.0501914404793784,-0.0424731412845623,"Potential 1","WogWay","Non-euc","Eucalyptus obliqua","SE_NSW",NA,NA,"SE_AUS"
"1110","Eucalyptus viminalis","Eucalyptus viminalis",0.275470844138885,0.161891136148899,0.389050552128871,0.267505657029136,0.283436031248634,"Potential 1","WogWay","Eucalyptus viminalis","Eucalyptus viminalis","SE_NSW",1,"SE_NSW","SE_AUS"
"123","Non-euc","Eucalyptus viminalis",-0.173206674249575,-0.325628232818371,-0.0207851156807793,-0.176625863912669,-0.169787484586481,"Potential 1","WogWay","Non-euc","Eucalyptus viminalis","SE_NSW",1,"SE_NSW","SE_AUS"
"163","Non-euc","Non-euc",0.301624670935194,-0.0918596225223944,0.695108964392782,0.292198232083418,0.311051109786969,"Potential 1","WogWay","Non-euc","Non-euc","SE_NSW",NA,NA,"SE_AUS"
"120","Eucalyptus fastigata","Eucalyptus fastigata",-0.0414350266632985,-0.253808775547612,0.170938722221015,-0.0484152399666783,-0.0344548133599186,"Potential 1","Goodenia","Eucalyptus fastigata","Eucalyptus fastigata","SE_NSW",NA,NA,"SE_AUS"
"218","Eucalyptus sieberi","Eucalyptus fastigata",-0.0773865863988619,-0.230658333156781,0.0758851603590577,-0.0793902845718514,-0.0753828882258723,"Potential 1","Goodenia","Eucalyptus sieberi","Eucalyptus fastigata","SE_NSW",NA,NA,"SE_AUS"
"311","Non-euc","Eucalyptus fastigata",-0.140001308152635,-0.261764320201024,-0.018238296104245,-0.142630407246667,-0.137372209058602,"Potential 1","Goodenia","Non-euc","Eucalyptus fastigata","SE_NSW",1,"SE_NSW","SE_AUS"
"58","Eucalyptus sieberi","Eucalyptus sieberi",0.314239771115178,0.0746035789294064,0.553875963300949,0.309358245979236,0.319121296251119,"Potential 1","Goodenia","Eucalyptus sieberi","Eucalyptus sieberi","SE_NSW",1,"SE_NSW","SE_AUS"
"611","Non-euc","Eucalyptus sieberi",0.0303431329917826,-0.131798360404961,0.192484626388527,0.0269821328655737,0.0337041331179915,"Potential 1","Goodenia","Non-euc","Eucalyptus sieberi","SE_NSW",NA,NA,"SE_AUS"
"98","Non-euc","Non-euc",0.182424486225261,-0.0529988830909546,0.417847855541477,0.176026846873957,0.188822125576565,"Potential 1","Goodenia","Non-euc","Non-euc","SE_NSW",NA,NA,"SE_AUS"
"124","Eucalyptus cypellocarpa","Eucalyptus cypellocarpa",-1.27832858421048,-2.83024140483344,0.273584236412487,-1.29632688247068,-1.26033028595028,"Potential 1","Candelo","Eucalyptus cypellocarpa","Eucalyptus cypellocarpa","SE_NSW",NA,NA,"SE_AUS"
"219","Eucalyptus obliqua","Eucalyptus cypellocarpa",0.307804719069287,-0.0456675827129049,0.661277020851479,0.300615281789689,0.314994156348885,"Potential 1","Candelo","Eucalyptus obliqua","Eucalyptus cypellocarpa","SE_NSW",NA,NA,"SE_AUS"
"410","Eucalyptus obliqua","Eucalyptus obliqua",0.116238763094212,-0.0365048827245275,0.268982408912951,0.108325418992023,0.124152107196401,"Potential 1","Candelo","Eucalyptus obliqua","Eucalyptus obliqua","SE_NSW",NA,NA,"SE_AUS"
"125","Eucalyptus regnans","Eucalyptus regnans",-0.205313347633911,-0.42096917029729,0.0103424750294682,-0.214853536413802,-0.19577315885402,"Potential 1","ANU101","Eucalyptus regnans","Eucalyptus regnans","SE_VIC",NA,NA,"SE_AUS"
"220","Non-euc","Eucalyptus regnans",-0.139454634617271,-0.225760351431438,-0.0531489178031049,-0.142790733617654,-0.136118535616889,"Potential 1","ANU101","Non-euc","Eucalyptus regnans","SE_VIC",1,"SE_VIC","SE_AUS"
"411","Non-euc","Non-euc",0.130926339795023,-0.00515754543641955,0.267010225026465,0.123575078766801,0.138277600823245,"Potential 1","ANU101","Non-euc","Non-euc","SE_VIC",NA,NA,"SE_AUS"
"126","Eucalyptus regnans","Eucalyptus regnans",-0.617064670838866,-0.90809847129605,-0.326030870381683,-0.635419200644855,-0.598710141032877,"Potential 1","Ada Tree","Eucalyptus regnans","Eucalyptus regnans","SE_VIC",1,"SE_VIC","SE_AUS"
"221","Non-euc","Eucalyptus regnans",0.105208036665679,-0.0374526950312451,0.247868768362602,0.0982235311364507,0.112192542194906,"Potential 1","Ada Tree","Non-euc","Eucalyptus regnans","SE_VIC",NA,NA,"SE_AUS"
"412","Non-euc","Non-euc",-0.0116308339319633,-0.16808500382432,0.144823335960393,-0.0232762160172169,1.45481532902916e-05,"Potential 1","Ada Tree","Non-euc","Non-euc","SE_VIC",NA,NA,"SE_AUS"
"127","Eucalyptus regnans","Eucalyptus regnans",-0.540720398216497,-0.761689534481055,-0.319751261951938,-0.560428695319937,-0.521012101113057,"Potential 1","Weeaproinah","Eucalyptus regnans","Eucalyptus regnans","SE_VIC",1,"SE_VIC","SE_AUS"
"222","Non-euc","Eucalyptus regnans",0.0410601709958648,-0.0368131546480958,0.118933496639825,0.0358245990280529,0.0462957429636768,"Potential 1","Weeaproinah","Non-euc","Eucalyptus regnans","SE_VIC",NA,NA,"SE_AUS"
"413","Non-euc","Non-euc",0.205940320015561,0.103121622189935,0.308759017841186,0.190109694551787,0.221770945479334,"Potential 1","Weeaproinah","Non-euc","Non-euc","SE_VIC",1,"SE_VIC","SE_AUS"
"128","Eucalyptus regnans","Eucalyptus regnans",-0.556925378275091,-0.847419603220055,-0.266431153330127,-0.572701395264924,-0.541149361285258,"Potential 1","ANU363","Eucalyptus regnans","Eucalyptus regnans","SE_VIC",1,"SE_VIC","SE_AUS"
"129","Eucalyptus regnans","Eucalyptus regnans",-0.280400442877434,-0.503504197738086,-0.057296688016781,-0.294086765049786,-0.266714120705081,"Potential 1","ANU589","Eucalyptus regnans","Eucalyptus regnans","SE_VIC",1,"SE_VIC","SE_AUS"
"223","Non-euc","Eucalyptus regnans",-0.112731249764673,-0.179250612206941,-0.0462118873224041,-0.115814220736447,-0.109648278792899,"Potential 1","ANU589","Non-euc","Eucalyptus regnans","SE_VIC",1,"SE_VIC","SE_AUS"
"414","Non-euc","Non-euc",0.218925628528271,0.0948850389833157,0.342966218073226,0.210120194189413,0.227731062867128,"Potential 1","ANU589","Non-euc","Non-euc","SE_VIC",1,"SE_VIC","SE_AUS"
"130","Eucalyptus regnans","Eucalyptus regnans",-0.402927578704156,-0.758203197162626,-0.0476519602456865,-0.412515963926334,-0.393339193481979,"Potential 1","Turtons","Eucalyptus regnans","Eucalyptus regnans","SE_VIC",1,"SE_VIC","SE_AUS"
"224","Non-euc","Eucalyptus regnans",0.0234474342209595,-0.0571471873971086,0.104042055839028,0.0201247023367968,0.0267701661051222,"Potential 1","Turtons","Non-euc","Eucalyptus regnans","SE_VIC",NA,NA,"SE_AUS"
"415","Non-euc","Non-euc",0.15392642523798,0.0437260945164135,0.264126755959546,0.139194047236472,0.168658803239488,"Potential 1","Turtons","Non-euc","Non-euc","SE_VIC",1,"SE_VIC","SE_AUS"
"131","Eucalyptus regnans","Eucalyptus regnans",-0.126533146873938,-0.28691490768016,0.0338486139322836,-0.133505715266029,-0.119560578481848,"Potential 1","Lardner","Eucalyptus regnans","Eucalyptus regnans","SE_VIC",NA,NA,"SE_AUS"
"225","Non-euc","Eucalyptus regnans",0.0160959385634457,-0.0749745295152885,0.10716640664218,0.0114407034579168,0.0207511736689745,"Potential 1","Lardner","Non-euc","Eucalyptus regnans","SE_VIC",NA,NA,"SE_AUS"
"416","Non-euc","Non-euc",-0.183808727860152,-0.357138861631206,-0.0104785940890988,-0.202421551571935,-0.16519590414837,"Potential 1","Lardner","Non-euc","Non-euc","SE_VIC",1,"SE_VIC","SE_AUS"
"132","Eucalyptus regnans","Eucalyptus regnans",-0.181535373461046,-0.403233760445673,0.0401630135235804,-0.191511538780893,-0.171559208141199,"Potential 1","HardyCreek","Eucalyptus regnans","Eucalyptus regnans","SE_VIC",NA,NA,"SE_AUS"
"226","Non-euc","Eucalyptus regnans",0.0581992825876596,-0.0822854463122863,0.198684011487606,0.0542898689625684,0.0621086962127508,"Potential 1","HardyCreek","Non-euc","Eucalyptus regnans","SE_VIC",NA,NA,"SE_AUS"
"417","Non-euc","Non-euc",-0.0269538848750668,-0.297682918801303,0.24377514905117,-0.0328396581514383,-0.0210681115986952,"Potential 1","HardyCreek","Non-euc","Non-euc","SE_VIC",NA,NA,"SE_AUS"
"133","Eucalyptus microcorys","Eucalyptus microcorys",-0.263389468930667,-0.910485840814123,0.38370690295279,-0.274798222645062,-0.251980715216271,"Potential 1","MinesRd","Eucalyptus microcorys","Eucalyptus microcorys","N_NSW",NA,NA,"N_AUS"
"227","Eucalyptus pilularis","Eucalyptus microcorys",0.0927333378058922,-0.191628727187714,0.377095402799498,0.0871613108570417,0.0983053647547427,"Potential 1","MinesRd","Eucalyptus pilularis","Eucalyptus microcorys","N_NSW",NA,NA,"N_AUS"
"312","Non-euc","Eucalyptus microcorys",0.28163913367179,0.0843758527506333,0.478902414592947,0.27654351841596,0.286734748927621,"Potential 1","MinesRd","Non-euc","Eucalyptus microcorys","N_NSW",1,"N_NSW","N_AUS"
"59","Eucalyptus pilularis","Eucalyptus pilularis",-0.0539452801771277,-0.282920971448925,0.175030411094669,-0.0605711107458474,-0.047319449608408,"Potential 1","MinesRd","Eucalyptus pilularis","Eucalyptus pilularis","N_NSW",NA,NA,"N_AUS"
"612","Non-euc","Eucalyptus pilularis",-0.0928412118963763,-0.202597110489173,0.0169146866964205,-0.0961788072114322,-0.0895036165813203,"Potential 1","MinesRd","Non-euc","Eucalyptus pilularis","N_NSW",NA,NA,"N_AUS"
"99","Non-euc","Non-euc",0.0869114552626478,-0.0695850305634987,0.243407941088794,0.0783710616690348,0.0954518488562608,"Potential 1","MinesRd","Non-euc","Non-euc","N_NSW",NA,NA,"N_AUS"
"134","Eucalyptus pilularis","Eucalyptus pilularis",-0.272186806421584,-1.02789341352812,0.48351980068495,-0.280464771685573,-0.263908841157596,"Potential 1","Tinebank","Eucalyptus pilularis","Eucalyptus pilularis","N_NSW",NA,NA,"N_AUS"
"228","Non-euc","Eucalyptus pilularis",0.0246932276065675,-0.0728310010196855,0.12221745623282,0.0225007918715941,0.0268856633415408,"Potential 1","Tinebank","Non-euc","Eucalyptus pilularis","N_NSW",NA,NA,"N_AUS"
"313","Syncarpia glomulifera subsp glabra","Eucalyptus pilularis",-0.0808590114119442,-0.333135809409471,0.171417786585583,-0.0847937326654422,-0.0769242901584462,"Potential 1","Tinebank","Syncarpia glomulifera","Eucalyptus pilularis","N_NSW",NA,NA,"N_AUS"
"510","Non-euc","Non-euc",-0.0576339070920295,-0.186419913393736,0.0711520992096773,-0.0709724284645168,-0.0442953857195422,"Potential 1","Tinebank","Non-euc","Non-euc","N_NSW",NA,NA,"N_AUS"
"613","Syncarpia glomulifera subsp glabra","Non-euc",-0.0763862444028114,-0.135904888111832,-0.0168676006937907,-0.078800518705443,-0.0739719701001797,"Potential 1","Tinebank","Syncarpia glomulifera","Non-euc","N_NSW",1,"N_NSW","N_AUS"
"910","Syncarpia glomulifera subsp glabra","Syncarpia glomulifera subsp glabra",-0.0659432845024047,-0.334097398060743,0.202210829055934,-0.074196135395411,-0.0576904336093985,"Potential 1","Tinebank","Syncarpia glomulifera","Syncarpia glomulifera","N_NSW",NA,NA,"N_AUS"
"135","Eucalyptus microcorys","Eucalyptus microcorys",0.241326066880667,0.127618770992129,0.355033362769206,0.232847428108838,0.249804705652497,"Potential 1","Lorne","Eucalyptus microcorys","Eucalyptus microcorys","N_NSW",1,"N_NSW","N_AUS"
"229","Eucalyptus pilularis","Eucalyptus microcorys",0.0232020443070877,-0.0857222097363883,0.132126298350564,0.01996420052073,0.0264398880934454,"Potential 1","Lorne","Eucalyptus pilularis","Eucalyptus microcorys","N_NSW",NA,NA,"N_AUS"
"314","Eucalyptus saligna","Eucalyptus microcorys",-0.230457329296371,-0.480348081300793,0.0194334227080523,-0.235012707735088,-0.225901950857654,"Potential 1","Lorne","Eucalyptus saligna","Eucalyptus microcorys","N_NSW",NA,NA,"N_AUS"
"418","Non-euc","Eucalyptus microcorys",-0.0461438053166382,-0.101682189893548,0.0093945792602712,-0.0486779334908028,-0.0436096771424735,"Potential 1","Lorne","Non-euc","Eucalyptus microcorys","N_NSW",NA,NA,"N_AUS"
"614","Eucalyptus pilularis","Eucalyptus pilularis",0.0991995658454583,-0.183132434305789,0.381531565996705,0.0929240690736862,0.10547506261723,"Potential 1","Lorne","Eucalyptus pilularis","Eucalyptus pilularis","N_NSW",NA,NA,"N_AUS"
"73","Eucalyptus saligna","Eucalyptus pilularis",0.387212701882409,-0.118393882431308,0.892819286196127,0.373441103864367,0.400984299900452,"Potential 1","Lorne","Eucalyptus saligna","Eucalyptus pilularis","N_NSW",NA,NA,"N_AUS"
"83","Non-euc","Eucalyptus pilularis",-0.0706354455444684,-0.170851517399151,0.0295806263102145,-0.0738170292899997,-0.0674538617989372,"Potential 1","Lorne","Non-euc","Eucalyptus pilularis","N_NSW",NA,NA,"N_AUS"
"1111","Eucalyptus saligna","Eucalyptus saligna",-0.0899288397664533,-1.69137074960056,1.51151307006766,-0.111674077724181,-0.0681836018087257,"Potential 1","Lorne","Eucalyptus saligna","Eucalyptus saligna","N_NSW",NA,NA,"N_AUS"
"1210","Non-euc","Eucalyptus saligna",0.0245049120455209,-0.206207454589598,0.25521727868064,0.0192654154947974,0.0297444085962444,"Potential 1","Lorne","Non-euc","Eucalyptus saligna","N_NSW",NA,NA,"N_AUS"
"164","Non-euc","Non-euc",0.00407945632747279,-0.157980375795796,0.166139288450742,-0.0077992296996834,0.015958142354629,"Potential 1","Lorne","Non-euc","Non-euc","N_NSW",NA,NA,"N_AUS"
"136","Eucalyptus microcorys","Eucalyptus microcorys",0.212424737594101,0.0102630044509222,0.414586470737281,0.205050025321279,0.219799449866923,"Potential 1","BirdTree","Eucalyptus microcorys","Eucalyptus microcorys","N_NSW",1,"N_NSW","N_AUS"
"230","Eucalyptus pilularis","Eucalyptus microcorys",0.031472448756584,-0.140511589720333,0.203456487233501,0.0284841430472988,0.0344607544658693,"Potential 1","BirdTree","Eucalyptus pilularis","Eucalyptus microcorys","N_NSW",NA,NA,"N_AUS"
"315","Non-euc","Eucalyptus microcorys",-0.0720247041515635,-0.158145324342841,0.0140959160397134,-0.0752305881032266,-0.0688188201999005,"Potential 1","BirdTree","Non-euc","Eucalyptus microcorys","N_NSW",NA,NA,"N_AUS"
"419","Syncarpia glomulifera subsp glabra","Eucalyptus microcorys",-0.132161330856461,-0.338299989468402,0.0739773277554812,-0.135123194940112,-0.129199466772809,"Potential 1","BirdTree","Syncarpia glomulifera","Eucalyptus microcorys","N_NSW",NA,NA,"N_AUS"
"615","Eucalyptus pilularis","Eucalyptus pilularis",-0.102464096553067,-0.358203117300725,0.153274924194591,-0.108764023169401,-0.0961641699367329,"Potential 1","BirdTree","Eucalyptus pilularis","Eucalyptus pilularis","N_NSW",NA,NA,"N_AUS"
"74","Non-euc","Eucalyptus pilularis",0.0336725193703234,-0.0472827136667413,0.114627752407388,0.0307955282422863,0.0365495104983604,"Potential 1","BirdTree","Non-euc","Eucalyptus pilularis","N_NSW",NA,NA,"N_AUS"
"84","Syncarpia glomulifera subsp glabra","Eucalyptus pilularis",0.0297198186916921,-0.178991293270644,0.238430930654028,0.0261599762681746,0.0332796611152096,"Potential 1","BirdTree","Syncarpia glomulifera","Eucalyptus pilularis","N_NSW",NA,NA,"N_AUS"
"1112","Non-euc","Non-euc",-0.0266050626977314,-0.165878853217089,0.112668727821627,-0.0460402347822283,-0.00716989061323452,"Potential 1","BirdTree","Non-euc","Non-euc","N_NSW",NA,NA,"N_AUS"
"1211","Syncarpia glomulifera subsp glabra","Non-euc",-0.00722239648242261,-0.0981801816001254,0.0837353886352802,-0.0102516543064039,-0.00419313865844134,"Potential 1","BirdTree","Syncarpia glomulifera","Non-euc","N_NSW",NA,NA,"N_AUS"
"165","Syncarpia glomulifera subsp glabra","Syncarpia glomulifera subsp glabra",0.00297547285630346,-0.319541973436286,0.325492919148893,-0.00175639181748522,0.00770733753009214,"Potential 1","BirdTree","Syncarpia glomulifera","Syncarpia glomulifera","N_NSW",NA,NA,"N_AUS"
"137","Eucalyptus microcorys","Eucalyptus microcorys",0.209575779055371,0.0304212756884527,0.388730282422289,0.203052774336241,0.2160987837745,"Potential 1","A-Tree","Eucalyptus microcorys","Eucalyptus microcorys","N_NSW",1,"N_NSW","N_AUS"
"231","Eucalyptus pilularis","Eucalyptus microcorys",0.0191694086636496,-0.0570012878495178,0.095340105176817,0.0163794325392449,0.0219593847880544,"Potential 1","A-Tree","Eucalyptus pilularis","Eucalyptus microcorys","N_NSW",NA,NA,"N_AUS"
"316","Non-euc","Eucalyptus microcorys",-0.0133309584500258,-0.0773489382835099,0.0506870213834583,-0.0155285628616415,-0.0111333540384101,"Potential 1","A-Tree","Non-euc","Eucalyptus microcorys","N_NSW",NA,NA,"N_AUS"
"511","Eucalyptus pilularis","Eucalyptus pilularis",0.215027272199088,0.111265986261048,0.318788558137129,0.205944947809954,0.224109596588223,"Potential 1","A-Tree","Eucalyptus pilularis","Eucalyptus pilularis","N_NSW",1,"N_NSW","N_AUS"
"616","Non-euc","Eucalyptus pilularis",-0.0370029762972195,-0.0926677374155411,0.0186617848211022,-0.0401367821895118,-0.0338691704049271,"Potential 1","A-Tree","Non-euc","Eucalyptus pilularis","N_NSW",NA,NA,"N_AUS"
"911","Non-euc","Non-euc",0.163633059688025,0.0390644363366428,0.288201683039407,0.153565270890625,0.173700848485425,"Potential 1","A-Tree","Non-euc","Non-euc","N_NSW",1,"N_NSW","N_AUS"
"138","Eucalyptus andrewsii","Eucalyptus andrewsii",-0.260732121412224,-1.04670810429342,0.525243861468977,-0.269569944062057,-0.251894298762391,"Potential 1","BlackBull","Eucalyptus andrewsii","Eucalyptus andrewsii","N_NSW",NA,NA,"N_AUS"
"232","Eucalyptus pilularis","Eucalyptus andrewsii",0.135710493470498,-0.239470266134646,0.510891253075641,0.130051972801304,0.141369014139691,"Potential 1","BlackBull","Eucalyptus pilularis","Eucalyptus andrewsii","N_NSW",NA,NA,"N_AUS"
"317","Eucalyptus saligna","Eucalyptus andrewsii",-0.730836852929647,-1.60150413310119,0.139830427241898,-0.73972949947866,-0.721944206380635,"Potential 1","BlackBull","Eucalyptus saligna","Eucalyptus andrewsii","N_NSW",NA,NA,"N_AUS"
"420","Non-euc","Eucalyptus andrewsii",-0.0742036005899751,-0.219341182461176,0.0709339812812261,-0.0776841446522612,-0.070723056527689,"Potential 1","BlackBull","Non-euc","Eucalyptus andrewsii","N_NSW",NA,NA,"N_AUS"
"512","Syncarpia glomulifera subsp glomulifera","Eucalyptus andrewsii",0.072479958191882,-0.195473832220696,0.340433748604459,0.0676897224392269,0.077270193944537,"Potential 1","BlackBull","Syncarpia glomulifera","Eucalyptus andrewsii","N_NSW",NA,NA,"N_AUS"
"75","Eucalyptus pilularis","Eucalyptus pilularis",-0.289381003402534,-0.677819997000064,0.0990579901949973,-0.297653560594873,-0.281108446210194,"Potential 1","BlackBull","Eucalyptus pilularis","Eucalyptus pilularis","N_NSW",NA,NA,"N_AUS"
"85","Eucalyptus saligna","Eucalyptus pilularis",0.304749373839381,-0.139455764763996,0.748954512442758,0.296873050970033,0.31262569670873,"Potential 1","BlackBull","Eucalyptus saligna","Eucalyptus pilularis","N_NSW",NA,NA,"N_AUS"
"912","Non-euc","Eucalyptus pilularis",-0.097416206996265,-0.20156608954457,0.00673367555204031,-0.100958390547015,-0.093874023445515,"Potential 1","BlackBull","Non-euc","Eucalyptus pilularis","N_NSW",NA,NA,"N_AUS"
"10","Syncarpia glomulifera subsp glomulifera","Eucalyptus pilularis",0.081056325307265,-0.123172461128543,0.285285111743073,0.0762621063689548,0.0858505442455753,"Potential 1","BlackBull","Syncarpia glomulifera","Eucalyptus pilularis","N_NSW",NA,NA,"N_AUS"
"139","Eucalyptus saligna","Eucalyptus saligna",-0.133356005363816,-1.00099674965071,0.734284738923075,-0.14345120571165,-0.123260805015982,"Potential 1","BlackBull","Eucalyptus saligna","Eucalyptus saligna","N_NSW",NA,NA,"N_AUS"
"141","Non-euc","Eucalyptus saligna",-0.00453535191906643,-0.191951688009035,0.182880984170902,-0.00911197482072636,4.12709825934904e-05,"Potential 1","BlackBull","Non-euc","Eucalyptus saligna","N_NSW",NA,NA,"N_AUS"
"151","Syncarpia glomulifera subsp glomulifera","Eucalyptus saligna",-0.0975952039745726,-0.428979999668498,0.233789591719353,-0.102366535380032,-0.0928238725691134,"Potential 1","BlackBull","Syncarpia glomulifera","Eucalyptus saligna","N_NSW",NA,NA,"N_AUS"
"191","Non-euc","Non-euc",0.139701257856833,0.0126034313381747,0.266799084375492,0.128586065416342,0.150816450297325,"Potential 1","BlackBull","Non-euc","Non-euc","N_NSW",1,"N_NSW","N_AUS"
"20","Syncarpia glomulifera subsp glomulifera","Non-euc",0.0375113659794481,-0.0455580900059593,0.120580821964856,0.0344944526493334,0.0405282793095629,"Potential 1","BlackBull","Syncarpia glomulifera","Non-euc","N_NSW",NA,NA,"N_AUS"
"251","Syncarpia glomulifera subsp glomulifera","Syncarpia glomulifera subsp glomulifera",0.148815665176976,-0.0374289279027989,0.335060258256752,0.143551112572254,0.154080217781699,"Potential 1","BlackBull","Syncarpia glomulifera","Syncarpia glomulifera","N_NSW",NA,NA,"N_AUS"
"140","Eucalyptus grandis","Eucalyptus grandis",0.211891564544259,0.0852749470901036,0.338508181998414,0.201787483598702,0.221995645489816,"Potential 1","Bruxner","Eucalyptus grandis","Eucalyptus grandis","N_NSW",1,"N_NSW","N_AUS"
"233","Eucalyptus microcorys","Eucalyptus grandis",-0.0163629533543939,-0.203263838210481,0.170537931501693,-0.0216346597482801,-0.0110912469605078,"Potential 1","Bruxner","Eucalyptus microcorys","Eucalyptus grandis","N_NSW",NA,NA,"N_AUS"
"318","Eucalyptus pilularis","Eucalyptus grandis",-0.305714460643864,-0.590681946040842,-0.0207469752468855,-0.313467887932816,-0.297961033354911,"Potential 1","Bruxner","Eucalyptus pilularis","Eucalyptus grandis","N_NSW",1,"N_NSW","N_AUS"
"421","Non-euc","Eucalyptus grandis",-0.0232040052994784,-0.073005830353258,0.0265978197543011,-0.0268398792473458,-0.019568131351611,"Potential 1","Bruxner","Non-euc","Eucalyptus grandis","N_NSW",NA,NA,"N_AUS"
"513","Syncarpia glomulifera subsp glabra","Eucalyptus grandis",0.0724518642143848,-0.034831561519153,0.179735289947923,0.0684810691433384,0.0764226592854311,"Potential 1","Bruxner","Syncarpia glomulifera","Eucalyptus grandis","N_NSW",NA,NA,"N_AUS"
"76","Eucalyptus microcorys","Eucalyptus microcorys",0.278308667755172,-0.399649457866587,0.95626679337693,0.270001577919792,0.286615757590552,"Potential 1","Bruxner","Eucalyptus microcorys","Eucalyptus microcorys","N_NSW",NA,NA,"N_AUS"
"86","Eucalyptus pilularis","Eucalyptus microcorys",-0.592186087787293,-1.95659015054703,0.772217974972448,-0.610444654414379,-0.573927521160208,"Potential 1","Bruxner","Eucalyptus pilularis","Eucalyptus microcorys","N_NSW",NA,NA,"N_AUS"
"913","Non-euc","Eucalyptus microcorys",0.0145275774329018,-0.0749491185500342,0.104004273415838,0.0119509996371875,0.0171041552286161,"Potential 1","Bruxner","Non-euc","Eucalyptus microcorys","N_NSW",NA,NA,"N_AUS"
"101","Syncarpia glomulifera subsp glabra","Eucalyptus microcorys",0.168303183577628,-0.169426781748738,0.506033148903994,0.161962403351965,0.17464396380329,"Potential 1","Bruxner","Syncarpia glomulifera","Eucalyptus microcorys","N_NSW",NA,NA,"N_AUS"
"1310","Eucalyptus pilularis","Eucalyptus pilularis",-0.124911001213308,-0.759732930954484,0.509910928527869,-0.13789495027531,-0.111927052151306,"Potential 1","Bruxner","Eucalyptus pilularis","Eucalyptus pilularis","N_NSW",NA,NA,"N_AUS"
"142","Non-euc","Eucalyptus pilularis",0.0166092512486788,-0.0624203518519666,0.0956388543493242,0.014045235141816,0.0191732673555416,"Potential 1","Bruxner","Non-euc","Eucalyptus pilularis","N_NSW",NA,NA,"N_AUS"
"152","Syncarpia glomulifera subsp glabra","Eucalyptus pilularis",0.304749285147307,-0.0543242896631257,0.663822859957739,0.297250067369488,0.312248502925125,"Potential 1","Bruxner","Syncarpia glomulifera","Eucalyptus pilularis","N_NSW",NA,NA,"N_AUS"
"192","Non-euc","Non-euc",0.0328745336052075,-0.0913151164792983,0.157064183689713,0.0090962866258655,0.0566527805845495,"Potential 1","Bruxner","Non-euc","Non-euc","N_NSW",NA,NA,"N_AUS"
"201","Syncarpia glomulifera subsp glabra","Non-euc",-0.0460060010579375,-0.0898693951258157,-0.00214260699005926,-0.0478310558841697,-0.0441809462317053,"Potential 1","Bruxner","Syncarpia glomulifera","Non-euc","N_NSW",1,"N_NSW","N_AUS"
"252","Syncarpia glomulifera subsp glabra","Syncarpia glomulifera subsp glabra",0.332124401168044,0.151822104835754,0.512426697500334,0.321558383746683,0.342690418589405,"Potential 1","Bruxner","Syncarpia glomulifera","Syncarpia glomulifera","N_NSW",1,"N_NSW","N_AUS"
"143","Eucalyptus grandis","Eucalyptus grandis",-0.27066430648,-0.498239164180128,-0.0430894487798715,-0.283296724939983,-0.258031888020017,"Potential 1","Osullivans","Eucalyptus grandis","Eucalyptus grandis","N_NSW",1,"N_NSW","N_AUS"
"234","Non-euc","Eucalyptus grandis",-0.195255440015966,-0.258344750415318,-0.132166129616614,-0.199607184623464,-0.190903695408467,"Potential 1","Osullivans","Non-euc","Eucalyptus grandis","N_NSW",1,"N_NSW","N_AUS"
"319","Syncarpia glomulifera subsp glomulifera","Eucalyptus grandis",-0.0137605996485307,-0.0911520726289085,0.063630873331847,-0.0164105757578639,-0.0111106235391975,"Potential 1","Osullivans","Syncarpia glomulifera","Eucalyptus grandis","N_NSW",NA,NA,"N_AUS"
"514","Non-euc","Non-euc",-0.294927217542027,-0.487283358552188,-0.102571076531866,-0.314111338712824,-0.275743096371229,"Potential 1","Osullivans","Non-euc","Non-euc","N_NSW",1,"N_NSW","N_AUS"
"617","Syncarpia glomulifera subsp glomulifera","Non-euc",-0.014426085815409,-0.0713698298557019,0.0425176582248839,-0.0167911784801115,-0.0120609931507064,"Potential 1","Osullivans","Syncarpia glomulifera","Non-euc","N_NSW",NA,NA,"N_AUS"
"914","Syncarpia glomulifera subsp glomulifera","Syncarpia glomulifera subsp glomulifera",0.177884026414329,-0.00702798424146431,0.362796037070122,0.169464287701105,0.186303765127553,"Potential 1","Osullivans","Syncarpia glomulifera","Syncarpia glomulifera","N_NSW",NA,NA,"N_AUS"
"144","Corymbia intermedia","Corymbia intermedia",0.0384237259636243,-0.164336872898569,0.241184324825818,0.0292663580537687,0.0475810938734799,"Potential 1","Herberton","Corymbia intermedia","Corymbia intermedia","QLD",NA,NA,"N_AUS"
"235","Eucalyptus grandis","Corymbia intermedia",-0.261864410093648,-0.380634954205429,-0.143093865981867,-0.266459694134327,-0.257269126052969,"Potential 1","Herberton","Eucalyptus grandis","Corymbia intermedia","QLD",1,"QLD","N_AUS"
"320","Non-euc","Corymbia intermedia",0.0580671468423124,-0.0667615628914326,0.182895856576058,0.0546352572474296,0.0614990364371953,"Potential 1","Herberton","Non-euc","Corymbia intermedia","QLD",NA,NA,"N_AUS"
"515","Eucalyptus grandis","Eucalyptus grandis",-0.226298122141745,-0.527565413188757,0.0749691689052681,-0.238166074631747,-0.214430169651742,"Potential 1","Herberton","Eucalyptus grandis","Eucalyptus grandis","QLD",NA,NA,"N_AUS"
"618","Non-euc","Eucalyptus grandis",0.0420948406324636,-0.0981423326787291,0.182332013943656,0.038172928549662,0.0460167527152652,"Potential 1","Herberton","Non-euc","Eucalyptus grandis","QLD",NA,NA,"N_AUS"
"915","Non-euc","Non-euc",0.413246994305495,0.238731390055687,0.587762598555302,0.405732990777766,0.420760997833223,"Potential 1","Herberton","Non-euc","Non-euc","QLD",1,"QLD","N_AUS"
"145","Eucalyptus grandis","Eucalyptus grandis",0.1839029447574,0.0412143707806956,0.326591518734104,0.176063067494787,0.191742822020012,"Potential 1","Lamb Range","Eucalyptus grandis","Eucalyptus grandis","QLD",1,"QLD","N_AUS"
"236","Non-euc","Eucalyptus grandis",-0.139421707529575,-0.217105996338911,-0.0617374187202395,-0.142740350702203,-0.136103064356947,"Potential 1","Lamb Range","Non-euc","Eucalyptus grandis","QLD",1,"QLD","N_AUS"
"422","Non-euc","Non-euc",0.136786231216689,0.00908464961166189,0.264487812821716,0.128621254481658,0.144951207951719,"Potential 1","Lamb Range","Non-euc","Non-euc","QLD",1,"QLD","N_AUS"
"146","Corymbia intermedia","Corymbia intermedia",0.105851759465515,-0.179140275268828,0.390843794199859,0.100747858257988,0.110955660673043,"Potential 1","Baldy","Corymbia intermedia","Corymbia intermedia","QLD",NA,NA,"N_AUS"
"237","Eucalyptus grandis","Corymbia intermedia",0.23669285345352,-0.0294080635155339,0.502793770422573,0.230833015578232,0.242552691328808,"Potential 1","Baldy","Eucalyptus grandis","Corymbia intermedia","QLD",NA,NA,"N_AUS"
"321","Non-euc","Corymbia intermedia",0.0600165053435753,-0.0587459938524866,0.178779004539637,0.0569947571256162,0.0630382535615343,"Potential 1","Baldy","Non-euc","Corymbia intermedia","QLD",NA,NA,"N_AUS"
"516","Eucalyptus grandis","Eucalyptus grandis",-0.33582829678547,-0.689933577541571,0.0182769839706321,-0.346007404114943,-0.325649189455996,"Potential 1","Baldy","Eucalyptus grandis","Eucalyptus grandis","QLD",NA,NA,"N_AUS"
"619","Non-euc","Eucalyptus grandis",-0.175305476869334,-0.297021549783849,-0.0535894039548201,-0.178792246289467,-0.171818707449202,"Potential 1","Baldy","Non-euc","Eucalyptus grandis","QLD",1,"QLD","N_AUS"
"916","Non-euc","Non-euc",0.317363136678258,0.223991652795479,0.410734620561037,0.307546373681956,0.32717989967456,"Potential 1","Baldy","Non-euc","Non-euc","QLD",1,"QLD","N_AUS"
"147","Corymbia intermedia","Corymbia intermedia",-2.06897272009007,-4.35953674974929,0.221591309569142,-2.10108455418243,-2.03686088599772,"Potential 1","Koombooloomba","Corymbia intermedia","Corymbia intermedia","QLD",NA,NA,"N_AUS"
"238","Eucalyptus grandis","Corymbia intermedia",-0.551310929038971,-1.1586047508392,0.0559828927612532,-0.558304087993353,-0.54431777008459,"Potential 1","Koombooloomba","Eucalyptus grandis","Corymbia intermedia","QLD",NA,NA,"N_AUS"
"322","Non-euc","Corymbia intermedia",0.221928330681138,-0.0528292909894608,0.496685952351736,0.217048994305898,0.226807667056378,"Potential 1","Koombooloomba","Non-euc","Corymbia intermedia","QLD",NA,NA,"N_AUS"
"423","Syncarpia glomulifera","Corymbia intermedia",-0.0517172884145274,-0.251347781805416,0.147913204976362,-0.055225054202365,-0.0482095226266897,"Potential 1","Koombooloomba","Syncarpia glomulifera","Corymbia intermedia","QLD",NA,NA,"N_AUS"
"620","Eucalyptus grandis","Eucalyptus grandis",0.0857972046831262,-0.114954058569469,0.286548467935721,0.0792286727843021,0.0923657365819503,"Potential 1","Koombooloomba","Eucalyptus grandis","Eucalyptus grandis","QLD",NA,NA,"N_AUS"
"77","Non-euc","Eucalyptus grandis",0.022575449378739,-0.0509663037525186,0.0961172025099966,0.0204507385479891,0.0247001602094889,"Potential 1","Koombooloomba","Non-euc","Eucalyptus grandis","QLD",NA,NA,"N_AUS"
"87","Syncarpia glomulifera","Eucalyptus grandis",0.00457680559154013,-0.0803358006771805,0.0894894118602607,0.00229874016010496,0.0068548710229753,"Potential 1","Koombooloomba","Syncarpia glomulifera","Eucalyptus grandis","QLD",NA,NA,"N_AUS"
"1113","Non-euc","Non-euc",0.299568252884722,0.209230733971829,0.389905771797616,0.288448466157296,0.310688039612149,"Potential 1","Koombooloomba","Non-euc","Non-euc","QLD",1,"QLD","N_AUS"
"1212","Syncarpia glomulifera","Non-euc",-0.00575768533494974,-0.0586144292479443,0.0470990585780448,-0.00837344178372407,-0.00314192888617541,"Potential 1","Koombooloomba","Syncarpia glomulifera","Non-euc","QLD",NA,NA,"N_AUS"
"166","Syncarpia glomulifera","Syncarpia glomulifera",0.490999337805924,0.372664063418515,0.609334612193333,0.477247656081629,0.504751019530219,"Potential 1","Koombooloomba","Syncarpia glomulifera","Syncarpia glomulifera","QLD",1,"QLD","N_AUS"
"148","Eucalyptus obliqua","Eucalyptus obliqua",-0.181117289619593,-0.368549891266405,0.00631531202721983,-0.191802456358174,-0.170432122881011,"Potential 1","BlackRiver","Eucalyptus obliqua","Eucalyptus obliqua","King_TAS",NA,NA,"TAS"
"239","Eucalyptus ovata","Eucalyptus obliqua",-0.0841797187028792,-0.171059490801993,0.0027000533962348,-0.0866957572095631,-0.0816636801961953,"Potential 1","BlackRiver","Eucalyptus ovata","Eucalyptus obliqua","King_TAS",NA,NA,"TAS"
"323","Non-euc","Eucalyptus obliqua",-0.0999151003249932,-0.15863339544022,-0.0411968052097663,-0.103303022966012,-0.0965271776839741,"Potential 1","BlackRiver","Non-euc","Eucalyptus obliqua","King_TAS",1,"King_TAS","TAS"
"517","Eucalyptus ovata","Eucalyptus ovata",0.0948309476406533,-0.0952870936951585,0.284948988976465,0.0896645952211145,0.0999973000601922,"Potential 1","BlackRiver","Eucalyptus ovata","Eucalyptus ovata","King_TAS",NA,NA,"TAS"
"621","Non-euc","Eucalyptus ovata",0.0171818057769131,-0.0329281173322702,0.0672917288860964,0.0154816637541676,0.0188819477996586,"Potential 1","BlackRiver","Non-euc","Eucalyptus ovata","King_TAS",NA,NA,"TAS"
"917","Non-euc","Non-euc",0.0758071629810689,-0.0441276502500922,0.19574197621223,0.0630661189875052,0.0885482069746326,"Potential 1","BlackRiver","Non-euc","Non-euc","King_TAS",NA,NA,"TAS"
"149","Eucalyptus obliqua","Eucalyptus obliqua",0.161802664466066,0.00520170830585506,0.318403620626276,0.156529766570114,0.167075562362018,"Potential 1","BondTier","Eucalyptus obliqua","Eucalyptus obliqua","King_TAS",1,"King_TAS","TAS"
"240","Non-euc","Eucalyptus obliqua",0.00525159301537666,-0.0467302421855167,0.05723342821627,0.0029857972431136,0.00751738878763971,"Potential 1","BondTier","Non-euc","Eucalyptus obliqua","King_TAS",NA,NA,"TAS"
"424","Non-euc","Non-euc",0.164196485643786,0.0546659859052469,0.273726985382325,0.148741222752046,0.179651748535526,"Potential 1","BondTier","Non-euc","Non-euc","King_TAS",1,"King_TAS","TAS"
"150","Eucalyptus obliqua","Eucalyptus obliqua",0.172749345933517,0.0337414094500774,0.311757282416956,0.166721598975551,0.178777092891482,"Potential 1","Supersite","Eucalyptus obliqua","Eucalyptus obliqua","S_TAS",1,"S_TAS","TAS"
"241","Non-euc","Eucalyptus obliqua",0.0570370192234247,-0.00753655087312435,0.121610589319974,0.0529884906881773,0.0610855477586721,"Potential 1","Supersite","Non-euc","Eucalyptus obliqua","S_TAS",NA,NA,"TAS"
"425","Non-euc","Non-euc",0.309073120641779,0.217490232188865,0.400656009094693,0.29503286714437,0.323113374139188,"Potential 1","Supersite","Non-euc","Non-euc","S_TAS",1,"S_TAS","TAS"
"153","Eucalyptus delegatensis","Eucalyptus delegatensis",0.147880398670299,0.0240592249324173,0.271701572408181,0.138951857966567,0.156808939374032,"Potential 1","Mackenzie","Eucalyptus delegatensis","Eucalyptus delegatensis","N_TAS",1,"N_TAS","TAS"
"242","Non-euc","Eucalyptus delegatensis",-0.0521183016654249,-0.097455123605001,-0.00678147972584883,-0.0554564136331886,-0.0487801896976613,"Potential 1","Mackenzie","Non-euc","Eucalyptus delegatensis","N_TAS",1,"N_TAS","TAS"
"426","Non-euc","Non-euc",0.266293223838662,0.164633652250207,0.367952795427117,0.255680177614897,0.276906270062427,"Potential 1","Mackenzie","Non-euc","Non-euc","N_TAS",1,"N_TAS","TAS"
"154","Eucalyptus dalrympleana","Eucalyptus dalrympleana",0.0597367455500922,-0.149882912093084,0.269356403193268,0.0532324237698544,0.0662410673303299,"Potential 1","MtMaurice","Eucalyptus dalrympleana","Eucalyptus dalrympleana","Ben_TAS",NA,NA,"TAS"
"243","Eucalyptus delegatensis","Eucalyptus dalrympleana",-0.0800030666522297,-0.139030449844284,-0.0209756834601754,-0.0824482959260553,-0.0775578373784041,"Potential 1","MtMaurice","Eucalyptus delegatensis","Eucalyptus dalrympleana","Ben_TAS",1,"Ben_TAS","TAS"
"324","Non-euc","Eucalyptus dalrympleana",0.0288723137430224,-0.0740969126889637,0.131841540175009,0.0259878250382522,0.0317568024477926,"Potential 1","MtMaurice","Non-euc","Eucalyptus dalrympleana","Ben_TAS",NA,NA,"TAS"
"518","Eucalyptus delegatensis","Eucalyptus delegatensis",0.179384120865899,0.0543669461876838,0.304401295544115,0.166531500038763,0.192236741693036,"Potential 1","MtMaurice","Eucalyptus delegatensis","Eucalyptus delegatensis","Ben_TAS",1,"Ben_TAS","TAS"
"622","Non-euc","Eucalyptus delegatensis",0.102286617476692,-0.00148515185329696,0.206058386806681,0.0974120048962368,0.107161230057147,"Potential 1","MtMaurice","Non-euc","Eucalyptus delegatensis","Ben_TAS",NA,NA,"TAS"
"918","Non-euc","Non-euc",0.222788032644701,0.0373624513677879,0.408213613921614,0.215169775881885,0.230406289407517,"Potential 1","MtMaurice","Non-euc","Non-euc","Ben_TAS",1,"Ben_TAS","TAS"
"155","Eucalyptus delegatensis","Eucalyptus delegatensis",0.118315270394124,-0.00404616768842986,0.240676708476678,0.105638900399336,0.130991640388913,"Potential 1","BenRidge","Eucalyptus delegatensis","Eucalyptus delegatensis","Ben_TAS",NA,NA,"TAS"
"244","Non-euc","Eucalyptus delegatensis",-0.0452641013865784,-0.0807783945789928,-0.00974980819416394,-0.0482427920650254,-0.0422854107081314,"Potential 1","BenRidge","Non-euc","Eucalyptus delegatensis","Ben_TAS",1,"Ben_TAS","TAS"
"427","Non-euc","Non-euc",0.2460302391967,0.140835321294219,0.351225157099182,0.235008318582146,0.257052159811254,"Potential 1","BenRidge","Non-euc","Non-euc","Ben_TAS",1,"Ben_TAS","TAS"
"156","Eucalyptus coccifera","Eucalyptus coccifera",-0.166731150882609,-0.430135814376369,0.096673512611151,-0.178724689171481,-0.154737612593736,"Potential 1","MtField","Eucalyptus coccifera","Eucalyptus coccifera","S_TAS",NA,NA,"TAS"
"245","Eucalyptus delegatensis","Eucalyptus coccifera",-0.229031728573907,-0.33466731995247,-0.123396137195345,-0.232150892650348,-0.225912564497466,"Potential 1","MtField","Eucalyptus delegatensis","Eucalyptus coccifera","S_TAS",1,"S_TAS","TAS"
"325","Eucalyptus subcrenulata","Eucalyptus coccifera",-0.00236073560015596,-0.143324541547431,0.138603070347119,-0.00622005470423318,0.00149858350392125,"Potential 1","MtField","Eucalyptus subcrenulata","Eucalyptus coccifera","S_TAS",NA,NA,"TAS"
"428","Eucalyptus urnigera","Eucalyptus coccifera",-0.0515969338475083,-0.198949651395018,0.0957557837000012,-0.0546535787554372,-0.0485402889395794,"Potential 1","MtField","Eucalyptus urnigera","Eucalyptus coccifera","S_TAS",NA,NA,"TAS"
"519","Non-euc","Eucalyptus coccifera",-0.0296659361243958,-0.0999438754204058,0.0406120031716142,-0.032481103078407,-0.0268507691703846,"Potential 1","MtField","Non-euc","Eucalyptus coccifera","S_TAS",NA,NA,"TAS"
"78","Eucalyptus delegatensis","Eucalyptus delegatensis",-0.0181806783096706,-0.190577872800633,0.154216516181292,-0.0257371104633056,-0.0106242461560356,"Potential 1","MtField","Eucalyptus delegatensis","Eucalyptus delegatensis","S_TAS",NA,NA,"TAS"
"88","Eucalyptus subcrenulata","Eucalyptus delegatensis",0.0877856243908323,-0.0319538711678312,0.207525119949496,0.0839002391912235,0.0916710095904412,"Potential 1","MtField","Eucalyptus subcrenulata","Eucalyptus delegatensis","S_TAS",NA,NA,"TAS"
"919","Eucalyptus urnigera","Eucalyptus delegatensis",-0.0323917299018675,-0.131983944272885,0.0672004844691497,-0.0346455688617235,-0.0301378909420116,"Potential 1","MtField","Eucalyptus urnigera","Eucalyptus delegatensis","S_TAS",NA,NA,"TAS"
"102","Non-euc","Eucalyptus delegatensis",-0.0442403545963831,-0.107559256504616,0.0190785473118496,-0.0470843521536958,-0.0413963570390703,"Potential 1","MtField","Non-euc","Eucalyptus delegatensis","S_TAS",NA,NA,"TAS"
"1311","Eucalyptus subcrenulata","Eucalyptus subcrenulata",0.101183084319915,-0.0722027549741578,0.274568923613989,0.0941441217833508,0.10822204685648,"Potential 1","MtField","Eucalyptus subcrenulata","Eucalyptus subcrenulata","S_TAS",NA,NA,"TAS"
"1410","Eucalyptus urnigera","Eucalyptus subcrenulata",-0.0602733113506065,-0.220274315824259,0.0997276931230464,-0.0639185935562568,-0.0566280291449561,"Potential 1","MtField","Eucalyptus urnigera","Eucalyptus subcrenulata","S_TAS",NA,NA,"TAS"
"157","Non-euc","Eucalyptus subcrenulata",0.0543990831713398,-0.0256064127787894,0.134404579121469,0.0504040960881746,0.0583940702545049,"Potential 1","MtField","Non-euc","Eucalyptus subcrenulata","S_TAS",NA,NA,"TAS"
"193","Eucalyptus urnigera","Eucalyptus urnigera",0.13637616039571,-0.137181297690125,0.409933618481544,0.13034047830588,0.142411842485539,"Potential 1","MtField","Eucalyptus urnigera","Eucalyptus urnigera","S_TAS",NA,NA,"TAS"
"202","Non-euc","Eucalyptus urnigera",-0.00932884024608663,-0.0838911957055833,0.06523351521341,-0.0119534459453267,-0.00670423454684652,"Potential 1","MtField","Non-euc","Eucalyptus urnigera","S_TAS",NA,NA,"TAS"
"253","Non-euc","Non-euc",0.157079415699421,0.0327289712417096,0.281429860157133,0.142450110304687,0.171708721094156,"Potential 1","MtField","Non-euc","Non-euc","S_TAS",1,"S_TAS","TAS"
"158","Eucalyptus delegatensis","Eucalyptus delegatensis",0.12842296069682,-0.0385157507402489,0.295361672133888,0.119868387999493,0.136977533394147,"Potential 1","Caveside","Eucalyptus delegatensis","Eucalyptus delegatensis","N_TAS",NA,NA,"TAS"
"246","Eucalyptus obliqua","Eucalyptus delegatensis",-0.0344092388848406,-0.0868936971631638,0.0180752193934825,-0.0365623347066989,-0.0322561430629823,"Potential 1","Caveside","Eucalyptus obliqua","Eucalyptus delegatensis","N_TAS",NA,NA,"TAS"
"326","Non-euc","Eucalyptus delegatensis",-0.015931827418844,-0.0319799275902413,0.000116272752553302,-0.0168390640035313,-0.0150245908341567,"Potential 1","Caveside","Non-euc","Eucalyptus delegatensis","N_TAS",NA,NA,"TAS"
"520","Eucalyptus obliqua","Eucalyptus obliqua",0.279680138597831,0.138341028112625,0.421019249083037,0.269670711352858,0.289689565842804,"Potential 1","Caveside","Eucalyptus obliqua","Eucalyptus obliqua","N_TAS",1,"N_TAS","TAS"
"623","Non-euc","Eucalyptus obliqua",-0.0157916310200781,-0.0214698541265321,-0.0101134079136241,-0.0165252928494421,-0.0150579691907141,"Potential 1","Caveside","Non-euc","Eucalyptus obliqua","N_TAS",1,"N_TAS","TAS"
"920","Non-euc","Non-euc",0.180353158406149,0.0701732722334094,0.290533044578889,0.143048883197277,0.217657433615022,"Potential 1","Caveside","Non-euc","Non-euc","N_TAS",1,"N_TAS","TAS"
