"","Site_Name","AnnualMeanTemp","MeanDiurnalRange","Isothermality","TempSeasonality","MaxTempWarmestMonth","MinTempColdestMonth","TempAnnualRange","MeanTempWettestQuarter","MeanTempDriestQuarter","MeanTempWarmestQuarter","MeanTempColdestQuarter","AnnualPrecipitation","PrecipWettestMonth","PrecipDriestMonth","PrecipSeasonality","PrecipWettestQuarter","PrecipDriestQuarter","PrecipWarmestQuarter","PrecipColdestQuarter"
"1","Frankland",14.6423330307007,9.66399955749512,54.5372505187988,301.442047119141,24.7239990234375,7.00400018692017,17.7199993133545,11.1486663818359,18.1653327941895,18.4680004119873,11.1486663818359,1053,173,24,61.6930046081543,473,80,88,473
"2","Collins",15.2336664199829,9.3953332901001,52.5466079711914,314.418640136719,25.57200050354,7.69199991226196,17.8800010681152,11.6346664428711,18.988000869751,19.2840003967285,11.6346664428711,1148,202,22,69.874885559082,552,70,75,552
"3","Clare",15.054666519165,9.243332862854,54.3853492736816,288.841918945312,24.7199993133545,7.72399997711182,16.9959983825684,11.7453336715698,18.4200000762939,18.7520008087158,11.7453336715698,1193,202,25,63.990608215332,549,84,94,549
"4","Sutton",15.1561670303345,9.92166709899902,52.6627731323242,331.279541015625,26.07200050354,7.23199987411499,18.8400001525879,11.3599996566772,19.1366672515869,19.4086666107178,11.3599996566772,1012,179,20,68.5655364990234,484,65,70,484
"5","Giants",14.988166809082,9.32899951934814,54.7862358093262,287.307983398438,24.7439994812012,7.71600008010864,17.0279998779297,11.7333335876465,18.3186664581299,18.681999206543,11.7333335876465,1123,183,27,60.6022338867188,501,87,97,501
"6","Warren",15.5799999237061,9.30999946594238,52.7180061340332,308.325164794922,25.7600002288818,8.10000038146973,17.6599998474121,12.0673332214355,19.2760009765625,19.5593338012695,12.0673332214355,1205,216,22,71.2433776855469,585,71,75,585
"7","Dawson",14.824333190918,9.35200023651123,54.2207794189453,293.189819335938,24.6800003051758,7.43200016021729,17.2480010986328,11.4646663665771,18.2493324279785,18.5686664581299,11.4646663665771,1125,189,25,63.127742767334,514,83,92,514
"8","Carey",15.4063329696655,9.33266639709473,52.3601150512695,316.232543945312,25.6879997253418,7.86399984359741,17.8239994049072,11.8366670608521,19.1959991455078,19.4973335266113,11.8366670608521,1191,216,21,70.5409164428711,576,72,75,576
"9","Dombakup",15.389666557312,9.08133316040039,52.3600845336914,304.180084228516,25.4120006561279,8.06799983978271,17.3440017700195,11.945333480835,19.029333114624,19.3206672668457,11.945333480835,1215,215,23,70.5108184814453,586,73,78,586
"10","Bird",9.82250022888184,8.05299949645996,48.0833511352539,307.062072753906,18.9479999542236,2.20000004768372,16.7479991912842,6.56333351135254,13.5086669921875,13.5086669921875,5.93933343887329,1555,173,76,23.9852962493896,499,258,258,472
"11","Flowerdale",11.5425004959106,7.50966644287109,48.7640686035156,284.040649414062,19.92799949646,4.52799987792969,15.3999996185303,8.35733318328857,15.1326665878296,15.1326665878296,8.10333347320557,1433,191,54,36.1854057312012,511,193,193,510
"12","Dip",11.4029998779297,7.54133367538452,48.9569778442383,282.518524169922,19.8320007324219,4.42799997329712,15.4040012359619,8.23799991607666,14.9860000610352,14.9860000610352,7.99866676330566,1411,185,53,35.9965171813965,504,191,191,499
"13","Weld",10.2014999389648,8.53033351898193,49.5603828430176,308.878967285156,19.6000003814697,2.38800001144409,17.2119998931885,6.94266653060913,13.9040002822876,13.9040002822876,6.2946662902832,1370,150,66,23.6866626739502,433,225,225,411
"14","ZigZag",10.2419996261597,8.34333324432373,48.7572059631348,307.902465820312,19.4640007019043,2.35199999809265,17.1120014190674,6.98600006103516,13.9146671295166,13.9153327941895,6.33466672897339,1366,151,66,23.8509960174561,439,229,256,411
"15","NorthStyx",8.54566669464111,8.68200016021729,49.0508499145508,320.502410888672,18.507999420166,0.808000028133392,17.6999988555908,5.11733341217041,12.4326667785645,12.4326667785645,4.58133316040039,1482,163,82,21.6190299987793,473,263,290,435
"16","Newline",10.4573335647583,10.7993335723877,47.6497230529785,423.305999755859,22.503999710083,-0.159999996423721,22.6639995574951,15.5580005645752,5.82333326339722,15.5580005645752,5.13000011444092,939,114,52,23.2677669525146,288,162,288,194
"17","WaratahMix",10.7399997711182,9.62533283233643,45.9048690795898,406.340667724609,22.1200008392334,1.15199995040894,20.9680004119873,15.6626663208008,6.3013334274292,15.6626663208008,5.64599990844727,882,97,52,18.4444465637207,251,169,251,191
"18","WogWay",10.460000038147,9.77600002288818,46.0090370178223,410.265075683594,22.003999710083,0.755999982357025,21.2479991912842,15.4300003051758,5.95599985122681,15.4300003051758,5.32533359527588,923,103,54,18.9768142700195,266,174,266,200
"19","Goodenia",13.6721668243408,10.0109996795654,50.3267631530762,361.501159667969,23.7840003967285,3.89199995994568,19.8920001983643,18.0499992370605,9.68599987030029,18.0499992370605,9.09066677093506,862,105,45,23.4897785186768,262,149,262,167
"20","Candelo",12.4046669006348,9.98999977111816,49.4065284729004,372.968200683594,22.8719997406006,2.65199995040894,20.2199993133545,16.931999206543,8.26733303070068,16.931999206543,7.70066690444946,867,107,45,24.4012660980225,269,148,269,168
"21","ANU101",10.4963331222534,8.02600002288818,40.0339164733887,414.861480712891,22.3920001983643,2.3439998626709,20.0480003356934,5.76999998092651,15.731333732605,15.731333732605,5.49200010299683,1484,164,68,23.4294853210449,463,247,247,451
"22","Ada Tree",10.3061666488647,8.27966690063477,41.4979286193848,405.279815673828,22.0279998779297,2.07599997520447,19.9519996643066,5.7020001411438,15.4446659088135,15.4446659088135,5.42133331298828,1565,177,67,25.4833507537842,500,254,254,478
"23","Weeaproinah",11.4119997024536,6.59133338928223,43.3184394836426,301.712219238281,20.2479991912842,5.03200006484985,15.2159996032715,7.77400016784668,15.2833337783813,15.2833337783813,7.77400016784668,1856,223,72,32.9584922790527,644,271,271,644
"24","ANU363",11.8733329772949,8.83800029754639,42.6133079528809,407.632751464844,24.007999420166,3.26800012588501,20.7399997711182,8.87333297729492,16.978666305542,16.978666305542,6.89266681671143,1388,158,64,24.8190479278564,439,224,224,426
"25","ANU589",11.8733329772949,8.83800029754639,42.6133079528809,407.632751464844,24.007999420166,3.26800012588501,20.7399997711182,8.87333297729492,16.978666305542,16.978666305542,6.89266681671143,1388,158,64,24.8190479278564,439,224,224,426
"26","Turtons",11.5553331375122,6.13066673278809,41.9449005126953,298.128051757812,20.0279998779297,5.41200017929077,14.6159992218018,7.97333335876465,15.3880004882812,15.3880004882812,7.97333335876465,1563,183,61,31.6786594390869,533,234,234,533
"27","Lardner",11.3811664581299,6.19633340835571,42.0603675842285,300.460144042969,19.9519996643066,5.21999979019165,14.7320003509521,7.77466678619385,15.2433338165283,15.2433338165283,7.77466678619385,1681,197,66,31.9846382141113,576,250,250,576
"28","HardyCreek",10.3398332595825,7.96099996566772,39.9488143920898,415.526275634766,22.1760005950928,2.24799990653992,19.9280014038086,5.5939998626709,15.5766668319702,15.5766668319702,5.32333326339722,1527,170,68,24.3052215576172,480,250,250,466
"29","MinesRd",16.3543338775635,9.97466564178467,49.8434257507324,379.563018798828,25.8519992828369,5.84000015258789,20.011999130249,20.6653327941895,12.1466665267944,20.8313331604004,11.4433326721191,1564,226,38,47.3099822998047,642,159,564,201
"30","Tinebank",15.4071664810181,9.42099952697754,48.1449279785156,381.928924560547,24.8680000305176,5.30000019073486,19.568000793457,19.7719993591309,11.1619997024536,19.931999206543,10.4840002059937,1646,235,41,46.4151840209961,670,173,590,217
"31","Lorne",17.2814998626709,9.89433288574219,49.810375213623,374.505554199219,26.492000579834,6.62799978256226,19.8640003204346,21.5340003967285,13.1033334732056,21.6786670684814,12.4133329391479,1509,215,44,41.0837020874023,579,172,498,229
"32","BirdTree",17.2775001525879,9.21966648101807,49.0094985961914,362.811309814453,26.007999420166,7.19600009918213,18.8120002746582,21.4340000152588,13.195333480835,21.5353336334229,12.5820007324219,1584,223,52,38.0154113769531,584,194,495,266
"33","A-Tree",16.224666595459,9.95600032806396,49.180004119873,386.687042236328,25.8439998626709,5.59999990463257,20.2439994812012,20.6000003814697,11.9566669464111,20.771333694458,11.2040004730225,1514,219,36,48.2936325073242,627,151,554,189
"34","BlackBull",15.5343332290649,8.91266632080078,45.6404457092285,393.6044921875,24.6480007171631,5.11999988555908,19.5279998779297,19.9373340606689,11.1686668395996,20.1026668548584,10.3673334121704,1586,235,49,45.8825531005859,635,173,609,209
"35","Bruxner",18.3451671600342,8.94700050354004,47.298583984375,363.632415771484,26.6879997253418,7.77200031280518,18.9160003662109,22.431999206543,14.3033332824707,22.5313339233398,13.5440006256104,1661,243,40,45.9375991821289,639,169,547,223
"36","Osullivans",17.5473327636719,9.23733329772949,48.2619285583496,375.336700439453,26.568000793457,7.42799997329712,19.1400012969971,21.8020000457764,13.3613328933716,21.9566669464111,12.6553335189819,1171,157,56,30.1639175415039,400,181,335,231
"37","Herberton",19.5590000152588,9.43533325195312,53.4156074523926,300.507476806641,27.8080005645752,10.1440000534058,17.6640014648438,21.4853324890137,18.0926666259766,22.7946662902832,15.4733333587646,2209,408,39,70.4229431152344,1081,142,856,314
"38","Lamb Range",19.1599998474121,7.79400014877319,51.3709449768066,276.928985595703,26.5160007476807,11.3439998626709,15.1720008850098,21.9386672973633,16.0879993438721,22.1706657409668,15.4013338088989,1529,376,18,91.2583694458008,914,83,806,107
"39","Baldy",19.7501659393311,9.51233291625977,54.5557060241699,288.615356445312,28.0200004577637,10.5839996337891,17.4360008239746,22.5006675720215,18.3920001983643,22.8346672058105,15.8080005645752,1689,349,22,79.9759826660156,925,93,788,158
"40","Koombooloomba",19.8040008544922,8.46333312988281,49.889965057373,309.742584228516,27.7719993591309,10.8079996109009,16.9640007019043,21.9599990844727,18.1199989318848,23.2019996643066,15.6093330383301,2352,453,51,68.3466796875,1151,184,843,362
"41","BlackRiver",12.4055004119873,8.19299983978271,50.5865669250488,279.509033203125,21.1599998474121,4.96400022506714,16.1959991455078,9.30866622924805,15.9613332748413,15.9613332748413,9.03533363342285,1143,146,44,34.3218307495117,402,158,158,395
"42","BondTier",12.4355001449585,7.2243332862854,49.4140472412109,257.103210449219,20.511999130249,5.89200019836426,14.6199989318848,9.36999988555908,15.7446660995483,15.7446660995483,9.36999988555908,1238,159,50,34.3992233276367,440,180,180,440
"43","Supersite",9.82250022888184,8.05299949645996,48.0833511352539,307.062072753906,18.9479999542236,2.20000004768372,16.7479991912842,6.56333351135254,13.5086669921875,13.5086669921875,5.93933343887329,1555,173,76,23.9852962493896,499,258,258,472
"44","Mackenzie",7.80816650390625,8.59899997711182,48.6919593811035,332.946533203125,17.923999786377,0.263999998569489,17.6599998474121,4.10599994659424,11.9079999923706,11.9079999923706,3.72733330726624,1595,195,66,29.8938484191895,540,245,245,539
"45","MtMaurice",8.41666698455811,8.22399997711182,47.3405494689941,333.667297363281,17.9599990844727,0.587999999523163,17.3719997406006,4.7039999961853,12.5606670379639,12.5606670379639,4.31133317947388,1138,137,47,29.3722610473633,386,184,184,384
"46","BenRidge",7.98466682434082,8.04733371734619,46.7541999816895,335.943206787109,17.488000869751,0.275999993085861,17.2120018005371,4.25266647338867,12.1573333740234,12.1573333740234,3.84800004959106,1151,137,49,27.6706008911133,384,191,191,382
"47","MtField",7.21600008010864,8.18666648864746,48.3160209655762,316.821563720703,17.0279998779297,0.0839999988675117,16.9440002441406,3.75399994850159,11.1359996795654,11.1359996795654,3.367999792099,1396,152,80,19.9721431732178,435,257,257,402
"48","Caveside",7.01466655731201,8.97333335876465,50.2989540100098,331.302978515625,17.423999786377,-0.416000008583069,17.8400001525879,3.33399987220764,11.1940002441406,11.1940002441406,3.04666662216187,1162,137,53,26.2913494110107,382,190,190,379
