"","from","to","alpha","lo","hi","lo_numerical","hi_numerical","Fit"
"1","Eucalyptus regnans Co-dominant","Eucalyptus regnans Co-dominant",-0.17752453771018,-0.448900260618733,0.0938511851983734,-0.185295960252139,-0.16975311516822,"ANU101"
"2","Eucalyptus regnans Dominant","Eucalyptus regnans Co-dominant",-0.507250451650032,-1.00629573623213,-0.00820516706793695,-0.516781687097078,-0.497719216202986,"ANU101"
"3","Eucalyptus regnans Intermediate","Eucalyptus regnans Co-dominant",-0.0394445390093399,-0.204779933644105,0.125890855625425,-0.0429814263440699,-0.03590765167461,"ANU101"
"4","Eucalyptus regnans Suppressed","Eucalyptus regnans Co-dominant",0.133189439210232,-0.471975946760361,0.738354825180824,0.124748307815826,0.141630570604637,"ANU101"
"5","Non-euc Suppressed","Eucalyptus regnans Co-dominant",-0.0329531113058876,-0.14845151055838,0.0825452879466047,-0.035946539380413,-0.0299596832313621,"ANU101"
"7","Eucalyptus regnans Dominant","Eucalyptus regnans Dominant",-2.46108928672877,-4.90423913648516,-0.0179394369723895,-2.49399552758511,-2.42818304587243,"ANU101"
"8","Eucalyptus regnans Intermediate","Eucalyptus regnans Dominant",0.153612427306945,-0.369369402936493,0.676594257550384,0.147502941840368,0.159721912773522,"ANU101"
"9","Eucalyptus regnans Suppressed","Eucalyptus regnans Dominant",1.37047469933405,-0.123616298798768,2.86456569746686,1.3511085756301,1.389840823038,"ANU101"
"10","Non-euc Suppressed","Eucalyptus regnans Dominant",0.19954136549676,-0.138910029376929,0.537992760370449,0.194319270528355,0.204763460465165,"ANU101"
"13","Eucalyptus regnans Intermediate","Eucalyptus regnans Intermediate",0.0386363355425678,-0.204243091564667,0.281515762649802,0.0325638441044403,0.0447088269806954,"ANU101"
"14","Eucalyptus regnans Suppressed","Eucalyptus regnans Intermediate",-0.348435539227068,-0.908854767028317,0.211983688574181,-0.356365023241724,-0.340506055212412,"ANU101"
"15","Non-euc Suppressed","Eucalyptus regnans Intermediate",-0.146837988089509,-0.263859172959355,-0.0298168032196638,-0.149376284256365,-0.144299691922654,"ANU101"
"19","Eucalyptus regnans Suppressed","Eucalyptus regnans Suppressed",0.100040314895058,-1.15754271143349,1.3576233412236,0.0821910070644129,0.117889622725703,"ANU101"
"20","Non-euc Suppressed","Eucalyptus regnans Suppressed",-0.154403428824216,-0.43690006852949,0.128093210881059,-0.160223678461046,-0.148583179187386,"ANU101"
"25","Non-euc Suppressed","Non-euc Suppressed",0.172042161276571,0.0335860702923967,0.310498252260745,0.164477808191527,0.179606514361615,"ANU101"
"11","Eucalyptus regnans Co-dominant","Eucalyptus regnans Co-dominant",-0.551402654118083,-0.903884295916416,-0.19892101231975,-0.566780242264044,-0.536025065972122,"ANU363"
"21","Eucalyptus regnans Dominant","Eucalyptus regnans Co-dominant",0.0360060529675848,-0.439209774354672,0.511221880289842,0.0239667726877622,0.0480453332474075,"ANU363"
"31","Eucalyptus regnans Intermediate","Eucalyptus regnans Co-dominant",-0.174762033052604,-0.443646188963271,0.0941221228580617,-0.180870469988851,-0.168653596116358,"ANU363"
"41","Eucalyptus regnans Suppressed","Eucalyptus regnans Co-dominant",-0.637379583676226,-1.40915132091972,0.13439215356727,-0.64881870954059,-0.625940457811863,"ANU363"
"51","Non-euc Suppressed","Eucalyptus regnans Co-dominant",-1.00248045795473,-1.7467393180667,-0.258221597842752,-1.02394307361693,-0.98101784229252,"ANU363"
"71","Eucalyptus regnans Dominant","Eucalyptus regnans Dominant",-1.83616286517897,-3.60319571564429,-0.0691300147136633,-1.87031784392995,-1.802007886428,"ANU363"
"81","Eucalyptus regnans Intermediate","Eucalyptus regnans Dominant",-0.131617976624883,-0.691815938985885,0.428579985736119,-0.14232214081365,-0.120913812436117,"ANU363"
"91","Eucalyptus regnans Suppressed","Eucalyptus regnans Dominant",1.09715605576346,-0.513636817421557,2.70794892894848,1.05229930048257,1.14201281104435,"ANU363"
"101","Non-euc Suppressed","Eucalyptus regnans Dominant",0.962695109117964,0.00969219472203064,1.9156980235139,0.922772253249054,1.00261796498687,"ANU363"
"131","Eucalyptus regnans Intermediate","Eucalyptus regnans Intermediate",-0.103110614403361,-0.545731967511848,0.339510738705126,-0.111178077830901,-0.0950431509758216,"ANU363"
"141","Eucalyptus regnans Suppressed","Eucalyptus regnans Intermediate",0.773342616605395,-0.47810490327273,2.02479013648352,0.755635926601421,0.791049306609368,"ANU363"
"151","Non-euc Suppressed","Eucalyptus regnans Intermediate",-0.677095508209084,-1.87185136977331,0.517660353355141,-0.700560274097796,-0.653630742320372,"ANU363"
"191","Eucalyptus regnans Suppressed","Eucalyptus regnans Suppressed",-5.62654878240494,-14.6482068173925,3.3951092525826,-5.72888711472491,-5.52421045008497,"ANU363"
"201","Non-euc Suppressed","Eucalyptus regnans Suppressed",-2.52607954841097,-6.44578775175897,1.39362865493702,-2.60772914216991,-2.44442995465204,"ANU363"
"251","Non-euc Suppressed","Non-euc Suppressed",0.225748176000967,-0.50987793328971,0.961374285291644,0.194091565372997,0.257404786628936,"ANU363"
"12","Eucalyptus regnans Co-dominant","Eucalyptus regnans Co-dominant",-0.340042203480851,-0.649253540873068,-0.0308308660886339,-0.349834002222002,-0.3302504047397,"ANU689"
"22","Eucalyptus regnans Dominant","Eucalyptus regnans Co-dominant",-0.962787853189124,-1.59699980161396,-0.328575904764284,-0.97433582192797,-0.951239884450279,"ANU689"
"32","Eucalyptus regnans Intermediate","Eucalyptus regnans Co-dominant",-0.0582249301176428,-0.312763109077927,0.196313248842641,-0.0641411871135673,-0.0523086731217182,"ANU689"
"42","Eucalyptus regnans Suppressed","Eucalyptus regnans Co-dominant",0.315147476588425,-0.103419760275948,0.733714713452798,0.307733020016754,0.322561933160095,"ANU689"
"52","Non-euc Suppressed","Eucalyptus regnans Co-dominant",0.0306213144157459,-0.09648006778168,0.157722696613172,0.0275764520366934,0.0336661767947984,"ANU689"
"72","Eucalyptus regnans Dominant","Eucalyptus regnans Dominant",-2.18970787197011,-3.90493234695932,-0.474483396980905,-2.2195623717107,-2.15985337222952,"ANU689"
"82","Eucalyptus regnans Intermediate","Eucalyptus regnans Dominant",0.03107849712611,-0.426520768649065,0.488677762901285,0.0199944944529514,0.0421624997992686,"ANU689"
"92","Eucalyptus regnans Suppressed","Eucalyptus regnans Dominant",1.42042881035815,0.0362945215601094,2.8045630991562,1.39876976070626,1.44208786001005,"ANU689"
"102","Non-euc Suppressed","Eucalyptus regnans Dominant",0.193835540841589,-0.0610559387739826,0.44872702045716,0.188196585155807,0.19947449652737,"ANU689"
"132","Eucalyptus regnans Intermediate","Eucalyptus regnans Intermediate",-0.486513731209745,-1.08581447199733,0.112787009577841,-0.497095076372318,-0.475932386047172,"ANU689"
"142","Eucalyptus regnans Suppressed","Eucalyptus regnans Intermediate",0.48263260145653,-0.0930251273391524,1.05829033025221,0.474839934980028,0.490425267933031,"ANU689"
"152","Non-euc Suppressed","Eucalyptus regnans Intermediate",-0.291305679756891,-0.505633603319616,-0.0769777561941659,-0.296220854589665,-0.286390504924117,"ANU689"
"192","Eucalyptus regnans Suppressed","Eucalyptus regnans Suppressed",-0.85829828209162,-1.73745622705908,0.0208596628758361,-0.872170502409017,-0.844426061774223,"ANU689"
"202","Non-euc Suppressed","Eucalyptus regnans Suppressed",-0.0641772144118121,-0.247348954347081,0.118994525523457,-0.0677885836580618,-0.0605658451655625,"ANU689"
"252","Non-euc Suppressed","Non-euc Suppressed",0.176432025662131,0.0251575976146258,0.327706453709635,0.167576556749783,0.185287494574479,"ANU689"
"16","Eucalyptus regnans Co-dominant","Eucalyptus regnans Co-dominant",-0.549848232097419,-0.921597282447962,-0.178099181746876,-0.56037618560923,-0.539320278585608,"Ada Tree"
"23","Eucalyptus regnans Dominant","Eucalyptus regnans Co-dominant",-0.445186557532855,-0.878209527145484,-0.0121635879202271,-0.452507579582188,-0.437865535483523,"Ada Tree"
"33","Eucalyptus regnans Intermediate","Eucalyptus regnans Co-dominant",-0.105219105374085,-0.376930316445341,0.166492105697172,-0.110663670812286,-0.0997745399358834,"Ada Tree"
"43","Eucalyptus regnans Suppressed","Eucalyptus regnans Co-dominant",-0.158119240272741,-0.486328065507263,0.170089584961782,-0.164448784436409,-0.151789696109072,"Ada Tree"
"53","Non-euc Suppressed","Eucalyptus regnans Co-dominant",0.111353386772333,-0.0278672212602663,0.250573994804931,0.107070575712371,0.115636197832294,"Ada Tree"
"73","Eucalyptus regnans Dominant","Eucalyptus regnans Dominant",-1.10278936850587,-2.40032223522082,0.194743498209079,-1.1233381197491,-1.08224061726264,"Ada Tree"
"83","Eucalyptus regnans Intermediate","Eucalyptus regnans Dominant",0.0991783110246559,-0.336032674107437,0.534389296156749,0.0926767474892768,0.105679874560035,"Ada Tree"
"93","Eucalyptus regnans Suppressed","Eucalyptus regnans Dominant",0.458581511078049,-0.0802098414193573,0.997372863575455,0.44609403978671,0.471068982369388,"Ada Tree"
"103","Non-euc Suppressed","Eucalyptus regnans Dominant",0.157612994586644,-0.0402647645761315,0.355490753749419,0.154111351205344,0.161114637967943,"Ada Tree"
"133","Eucalyptus regnans Intermediate","Eucalyptus regnans Intermediate",-0.255363515829133,-0.5872545834396,0.076527551781335,-0.262308099899279,-0.248418931758986,"Ada Tree"
"143","Eucalyptus regnans Suppressed","Eucalyptus regnans Intermediate",-0.338656137888982,-0.687499550484875,0.0101872747069104,-0.344511136674418,-0.332801139103546,"Ada Tree"
"153","Non-euc Suppressed","Eucalyptus regnans Intermediate",0.0444772586505846,-0.0874801489071511,0.17643466620832,0.041283791240131,0.0476707260610382,"Ada Tree"
"193","Eucalyptus regnans Suppressed","Eucalyptus regnans Suppressed",-0.498999667409926,-1.16406227096121,0.166062936141362,-0.510834936331849,-0.487164398488004,"Ada Tree"
"203","Non-euc Suppressed","Eucalyptus regnans Suppressed",0.0972200733294641,-0.0914392294000103,0.285879376058939,0.093160141481276,0.101280005177652,"Ada Tree"
"253","Non-euc Suppressed","Non-euc Suppressed",-0.0320213354808468,-0.195807810830543,0.13176513986885,-0.0440666961401518,-0.0199759748215418,"Ada Tree"
"17","Eucalyptus regnans Co-dominant","Eucalyptus regnans Co-dominant",-0.0996914613365286,-0.361860896289982,0.162477973616925,-0.106057566975683,-0.0933253556973738,"HardyCreek"
"24","Eucalyptus regnans Dominant","Eucalyptus regnans Co-dominant",-0.627954571907429,-1.07541494843497,-0.180494195379883,-0.639169936440386,-0.616739207374471,"HardyCreek"
"34","Eucalyptus regnans Intermediate","Eucalyptus regnans Co-dominant",-0.13463992586475,-0.35234327707526,0.0830634253457595,-0.138846962166033,-0.130432889563468,"HardyCreek"
"44","Eucalyptus regnans Suppressed","Eucalyptus regnans Co-dominant",-0.218568365984409,-0.519996791619793,0.082860059650975,-0.223613407284463,-0.213523324684355,"HardyCreek"
"54","Non-euc Suppressed","Eucalyptus regnans Co-dominant",0.0590229501028367,-0.136650183988059,0.254696084193733,0.0543248611349156,0.0637210390707578,"HardyCreek"
"74","Eucalyptus regnans Dominant","Eucalyptus regnans Dominant",-2.58182292152108,-4.73714490010817,-0.426500942933995,-2.63793701126834,-2.52570883177382,"HardyCreek"
"84","Eucalyptus regnans Intermediate","Eucalyptus regnans Dominant",0.0683641871411529,-0.46902372595931,0.605752100241616,0.0565288735991885,0.0801995006831172,"HardyCreek"
"94","Eucalyptus regnans Suppressed","Eucalyptus regnans Dominant",-0.141904698269427,-0.685767724053393,0.401958327514539,-0.15360696722939,-0.130202429309464,"HardyCreek"
"104","Non-euc Suppressed","Eucalyptus regnans Dominant",-0.0316443804289585,-0.522540451296682,0.459251690438765,-0.043762740144557,-0.0195260207133599,"HardyCreek"
"134","Eucalyptus regnans Intermediate","Eucalyptus regnans Intermediate",0.101769446302019,-0.272518473738295,0.476057366342333,0.0920854425881028,0.111453450015935,"HardyCreek"
"144","Eucalyptus regnans Suppressed","Eucalyptus regnans Intermediate",0.23137157406571,-0.0819134944229427,0.544656642554362,0.223611034335957,0.239132113795462,"HardyCreek"
"154","Non-euc Suppressed","Eucalyptus regnans Intermediate",0.0926726568063891,-0.125581418226668,0.310926731839446,0.0872023365455935,0.0981429770671848,"HardyCreek"
"194","Eucalyptus regnans Suppressed","Eucalyptus regnans Suppressed",0.160538950846764,-0.34580202593903,0.666879927632557,0.147806838783845,0.173271062909683,"HardyCreek"
"204","Non-euc Suppressed","Eucalyptus regnans Suppressed",0.0901522267380591,-0.19688227622736,0.377186729703478,0.0827131046565221,0.0975913488195961,"HardyCreek"
"254","Non-euc Suppressed","Non-euc Suppressed",-0.0302358161738305,-0.333139904755317,0.272668272407656,-0.0383102726651604,-0.0221613596825006,"HardyCreek"
"18","Eucalyptus regnans Co-dominant","Eucalyptus regnans Co-dominant",-0.441685853953153,-0.74853031471226,-0.134841393194046,-0.454043010122307,-0.429328697783999,"Weeaproinah"
"26","Eucalyptus regnans Dominant","Eucalyptus regnans Co-dominant",-0.291084594689616,-0.6287326861059,0.0465634967266684,-0.297671489017605,-0.284497700361627,"Weeaproinah"
"35","Eucalyptus regnans Intermediate","Eucalyptus regnans Co-dominant",-0.127540362771095,-0.399526112472124,0.144445386929935,-0.13495562033288,-0.120125105209309,"Weeaproinah"
"45","Eucalyptus regnans Suppressed","Eucalyptus regnans Co-dominant",0.00606459252872644,-0.187443071816982,0.199572256874435,0.00230879903320903,0.00982038602424384,"Weeaproinah"
"55","Non-euc Suppressed","Eucalyptus regnans Co-dominant",0.0323858935796681,-0.0470153755263247,0.111787162685661,0.0293770885490458,0.0353946986102903,"Weeaproinah"
"75","Eucalyptus regnans Dominant","Eucalyptus regnans Dominant",-0.728248707303838,-1.40129765375753,-0.055199760850148,-0.739655222376745,-0.716842192230931,"Weeaproinah"
"85","Eucalyptus regnans Intermediate","Eucalyptus regnans Dominant",0.396168531189194,-0.091279676582968,0.883616738961357,0.385689380536992,0.406647681841396,"Weeaproinah"
"95","Eucalyptus regnans Suppressed","Eucalyptus regnans Dominant",0.297119860020537,-0.0538512909411004,0.648091010982175,0.291659698698202,0.302580021342872,"Weeaproinah"
"105","Non-euc Suppressed","Eucalyptus regnans Dominant",0.009727164307468,-0.0633192238628238,0.0827735524777597,0.00775000578191415,0.0117043228330218,"Weeaproinah"
"135","Eucalyptus regnans Intermediate","Eucalyptus regnans Intermediate",-0.564191661700066,-1.03580256361989,-0.0925807597802459,-0.576675810833529,-0.551707512566603,"Weeaproinah"
"145","Eucalyptus regnans Suppressed","Eucalyptus regnans Intermediate",-0.219923229457076,-0.453427031196578,0.0135805722824265,-0.224276806191725,-0.215569652722426,"Weeaproinah"
"155","Non-euc Suppressed","Eucalyptus regnans Intermediate",0.0331144140833251,-0.0629119783791325,0.129140806545783,0.0304138109231175,0.0358150172435326,"Weeaproinah"
"195","Eucalyptus regnans Suppressed","Eucalyptus regnans Suppressed",0.0963334692394671,-0.103240991688548,0.295907930167482,0.0900570568177757,0.102609881661158,"Weeaproinah"
"205","Non-euc Suppressed","Eucalyptus regnans Suppressed",0.0141631763102376,-0.0348227195791994,0.0631490721996746,0.0124123163781361,0.0159140362423391,"Weeaproinah"
"255","Non-euc Suppressed","Non-euc Suppressed",0.189839442940304,0.0885801819262518,0.291098703954356,0.174029441964415,0.205649443916193,"Weeaproinah"
"110","Eucalyptus regnans Co-dominant","Eucalyptus regnans Co-dominant",-0.00545416075912222,-0.188548491458134,0.17764016993989,-0.0113666155090471,0.000458293990802662,"Lardner"
"27","Eucalyptus regnans Dominant","Eucalyptus regnans Co-dominant",-0.133672416211643,-0.348505197299522,0.0811603648762355,-0.13690911721967,-0.130435715203617,"Lardner"
"36","Eucalyptus regnans Intermediate","Eucalyptus regnans Co-dominant",0.00472810449905585,-0.191348663404127,0.200804872402239,0.00111967612255783,0.00833653287555388,"Lardner"
"46","Eucalyptus regnans Suppressed","Eucalyptus regnans Co-dominant",0.0190941739116991,-0.378332746265537,0.416521094088935,0.0130431311280427,0.0251452166953555,"Lardner"
"56","Non-euc Suppressed","Eucalyptus regnans Co-dominant",-0.0136738823588616,-0.0985970669871647,0.0712493022694415,-0.0172363569638122,-0.010111407753911,"Lardner"
"76","Eucalyptus regnans Dominant","Eucalyptus regnans Dominant",-0.505343931688641,-1.11603711941135,0.105349256034065,-0.512257230097763,-0.498430633279518,"Lardner"
"86","Eucalyptus regnans Intermediate","Eucalyptus regnans Dominant",0.110029811118535,-0.320255530650313,0.540315152887384,0.104315366829921,0.115744255407149,"Lardner"
"96","Eucalyptus regnans Suppressed","Eucalyptus regnans Dominant",-0.39073528784768,-1.31186594326754,0.530395367572175,-0.404049792526448,-0.377420783168912,"Lardner"
"106","Non-euc Suppressed","Eucalyptus regnans Dominant",0.0561909550858538,-0.113416524967921,0.225798435139628,0.0525654543276469,0.0598164558440606,"Lardner"
"136","Eucalyptus regnans Intermediate","Eucalyptus regnans Intermediate",-0.0812536373739243,-0.694485343746786,0.531978068998938,-0.0880754697283075,-0.0744318050195411,"Lardner"
"146","Eucalyptus regnans Suppressed","Eucalyptus regnans Intermediate",-0.0168999250023806,-0.839685458946514,0.805885608941752,-0.0297462117214504,-0.00405363828331068,"Lardner"
"156","Non-euc Suppressed","Eucalyptus regnans Intermediate",0.0270895325943623,-0.13656765247669,0.190746717665415,0.0228461769164127,0.0313328882723119,"Lardner"
"196","Eucalyptus regnans Suppressed","Eucalyptus regnans Suppressed",-3.00870141315909,-8.51696007802353,2.49955725170536,-3.09168276298974,-2.92572006332843,"Lardner"
"206","Non-euc Suppressed","Eucalyptus regnans Suppressed",0.343814075633432,-0.0988963881465575,0.786524539413422,0.333395106399443,0.354233044867421,"Lardner"
"256","Non-euc Suppressed","Non-euc Suppressed",-0.207293106939678,-0.394465603493923,-0.0201206103854332,-0.224993960963469,-0.189592252915887,"Lardner"
"111","Eucalyptus regnans Co-dominant","Eucalyptus regnans Co-dominant",-0.318401782483983,-0.847699645851224,0.210896080883258,-0.324906129926679,-0.311897435041288,"Turtons"
"28","Eucalyptus regnans Dominant","Eucalyptus regnans Co-dominant",0.0118570019473523,-0.555424793284066,0.57913879717877,0.00482292967507273,0.0188910742196318,"Turtons"
"37","Eucalyptus regnans Intermediate","Eucalyptus regnans Co-dominant",-0.131064111651821,-0.752887698481646,0.490759475178004,-0.137591711581316,-0.124536511722326,"Turtons"
"47","Eucalyptus regnans Suppressed","Eucalyptus regnans Co-dominant",-0.12621912897684,-0.872045743554907,0.619607485601226,-0.134857278369897,-0.117580979583784,"Turtons"
"57","Non-euc Suppressed","Eucalyptus regnans Co-dominant",0.0164461206644779,-0.0826205261861271,0.115512767515083,0.0137045260972163,0.0191877152317394,"Turtons"
"77","Eucalyptus regnans Dominant","Eucalyptus regnans Dominant",-1.55987194421358,-3.29578865673374,0.176044768306579,-1.58936096488493,-1.53038292354223,"Turtons"
"87","Eucalyptus regnans Intermediate","Eucalyptus regnans Dominant",-0.148768834841085,-1.14009120116232,0.842553531480153,-0.159099381250612,-0.138438288431558,"Turtons"
"97","Eucalyptus regnans Suppressed","Eucalyptus regnans Dominant",0.694511322319728,-0.313932988270821,1.70295563291028,0.678667930525969,0.710354714113488,"Turtons"
"107","Non-euc Suppressed","Eucalyptus regnans Dominant",0.133272628240392,-0.0435122027694617,0.310057459250245,0.128431015831472,0.138114240649311,"Turtons"
"137","Eucalyptus regnans Intermediate","Eucalyptus regnans Intermediate",-0.880673311204127,-1.92386533672464,0.162518714316386,-0.886640472486379,-0.874706149921876,"Turtons"
"147","Eucalyptus regnans Suppressed","Eucalyptus regnans Intermediate",0.187736857113908,-1.12071150634858,1.4961852205764,0.177602623788064,0.197871090439753,"Turtons"
"157","Non-euc Suppressed","Eucalyptus regnans Intermediate",0.0156735996422496,-0.123071734567236,0.154418933851735,0.0126188366981367,0.0187283625863624,"Turtons"
"197","Eucalyptus regnans Suppressed","Eucalyptus regnans Suppressed",-0.305931718776593,-2.7156828180265,2.10381938047332,-0.325695873961018,-0.286167563592167,"Turtons"
"207","Non-euc Suppressed","Eucalyptus regnans Suppressed",-0.0433057431697422,-0.280640694111475,0.194029207771991,-0.0495742767716259,-0.0370372095678585,"Turtons"
"257","Non-euc Suppressed","Non-euc Suppressed",0.158318986381632,0.0465000936531303,0.270137879110134,0.144565303386996,0.172072669376268,"Turtons"
"112","Eucalyptus Co-dominant","Eucalyptus Co-dominant",0.100809535244245,-0.0749436751538479,0.276562745642338,0.0938414817472702,0.10777758874122,"NorthStyx"
"29","Eucalyptus Dominant","Eucalyptus Co-dominant",0.0943215162825888,-0.12867348276688,0.317316515332057,0.0897479425612752,0.0988950900039023,"NorthStyx"
"38","Eucalyptus Intermediate","Eucalyptus Co-dominant",0.0837316432629983,-0.0456562877718297,0.213119574297826,0.0792983986305048,0.0881648878954918,"NorthStyx"
"48","Eucalyptus Suppressed","Eucalyptus Co-dominant",0.0558395434716556,-0.0332546115957491,0.14493369853906,0.0524176863730196,0.0592614005702915,"NorthStyx"
"58","Non-euc Suppressed","Eucalyptus Co-dominant",-0.0476429789181918,-0.128376939501271,0.0330909816648879,-0.0512180328320522,-0.0440679250043314,"NorthStyx"
"78","Eucalyptus Dominant","Eucalyptus Dominant",-0.744155649009838,-1.67440150077506,0.186090202755386,-0.756704377524522,-0.731606920495154,"NorthStyx"
"88","Eucalyptus Intermediate","Eucalyptus Dominant",-0.149707718360446,-0.499152576004333,0.199737139283442,-0.156053760125462,-0.143361676595429,"NorthStyx"
"98","Eucalyptus Suppressed","Eucalyptus Dominant",0.0745361550531952,-0.0957967462163089,0.244869056322699,0.0704587430689846,0.0786135670374058,"NorthStyx"
"108","Non-euc Suppressed","Eucalyptus Dominant",-0.0962545848572433,-0.257438205857767,0.0649290361432809,-0.100431304406995,-0.0920778653074917,"NorthStyx"
"138","Eucalyptus Intermediate","Eucalyptus Intermediate",0.294943936590216,0.0680855520793703,0.521802321101062,0.284945612496099,0.304942260684332,"NorthStyx"
"148","Eucalyptus Suppressed","Eucalyptus Intermediate",0.0930690591682989,-0.0143197313140744,0.200457849650672,0.0877542752821349,0.098383843054463,"NorthStyx"
"158","Non-euc Suppressed","Eucalyptus Intermediate",-0.0132435880788736,-0.114553695325711,0.0880665191679638,-0.0183413402476031,-0.00814583591014403,"NorthStyx"
"198","Eucalyptus Suppressed","Eucalyptus Suppressed",0.25576625545013,0.135727124747243,0.375805386153016,0.247207610657234,0.264324900243025,"NorthStyx"
"208","Non-euc Suppressed","Eucalyptus Suppressed",0.0969302348190512,0.0282051664621902,0.165655303175912,0.0924208432957024,0.1014396263424,"NorthStyx"
"258","Non-euc Suppressed","Non-euc Suppressed",0.312311689998886,0.191168590525427,0.433454789472345,0.302529041415782,0.32209433858199,"NorthStyx"
"113","Eucalyptus Co-dominant","Eucalyptus Co-dominant",0.154708226353774,-0.0800812943096409,0.389497747017189,0.146926893452296,0.162489559255252,"Weld"
"210","Eucalyptus Dominant","Eucalyptus Co-dominant",0.0938794572185867,-0.511964327426541,0.699723241863715,0.0832963689257481,0.104462545511425,"Weld"
"39","Eucalyptus Intermediate","Eucalyptus Co-dominant",0.125176461406765,-0.289132795603582,0.539485718417112,0.11672298341913,0.1336299393944,"Weld"
"410","Eucalyptus Suppressed","Eucalyptus Co-dominant",0.326663359598191,0.0803626143911612,0.572964104805221,0.319016531247393,0.33431018794899,"Weld"
"59","Non-euc Co-dominant","Eucalyptus Co-dominant",-0.071903202818773,-0.308268867337738,0.164462461700192,-0.077323625225908,-0.0664827804116381,"Weld"
"6","Non-euc Intermediate","Eucalyptus Co-dominant",0.179768252377396,-0.333769547108726,0.693306051863518,0.172106240052456,0.187430264702335,"Weld"
"79","Non-euc Suppressed","Eucalyptus Co-dominant",0.203155179391474,0.0569731562143154,0.349337202568633,0.198301402801377,0.208008955981571,"Weld"
"99","Eucalyptus Dominant","Eucalyptus Dominant",-3.56888418335763,-9.9620810626869,2.82431269597163,-3.61457369300903,-3.52319467370623,"Weld"
"109","Eucalyptus Intermediate","Eucalyptus Dominant",-1.50744433726591,-3.44477253987765,0.42988386534583,-1.53930055534094,-1.47558811919088,"Weld"
"114","Eucalyptus Suppressed","Eucalyptus Dominant",0.303369260855753,-0.372341549860648,0.979080071572153,0.292403686718339,0.314334834993166,"Weld"
"121","Non-euc Co-dominant","Eucalyptus Dominant",-0.493879949997484,-1.3997872292059,0.412027329210931,-0.513625885223828,-0.474134014771139,"Weld"
"139","Non-euc Intermediate","Eucalyptus Dominant",0.318544580995877,-1.69287158507993,2.32996074707169,0.302424201134196,0.334664960857558,"Weld"
"149","Non-euc Suppressed","Eucalyptus Dominant",0.312143399808001,-0.0917958664240685,0.71608266604007,0.300003787489574,0.324283012126428,"Weld"
"171","Eucalyptus Intermediate","Eucalyptus Intermediate",-0.323622754777311,-1.72338529405174,1.07613978449712,-0.34487864298409,-0.302366866570532,"Weld"
"181","Eucalyptus Suppressed","Eucalyptus Intermediate",0.194439497911457,-0.299742911642897,0.688621907465811,0.18591259553279,0.202966400290124,"Weld"
"199","Non-euc Co-dominant","Eucalyptus Intermediate",-1.76583341396133,-4.31898481815522,0.787317990232563,-1.80546741630397,-1.72619941161869,"Weld"
"209","Non-euc Intermediate","Eucalyptus Intermediate",0.211581882973555,-0.87807995540855,1.30124372135566,0.200500714631275,0.222663051315836,"Weld"
"211","Non-euc Suppressed","Eucalyptus Intermediate",0.260173767569331,-0.132880036971309,0.653227572109972,0.251294115504819,0.269053419633844,"Weld"
"259","Eucalyptus Suppressed","Eucalyptus Suppressed",0.0613553309148797,-0.307042513961275,0.429753175791034,0.0525420455894454,0.0701686162403139,"Weld"
"261","Non-euc Co-dominant","Eucalyptus Suppressed",-0.0415016288840597,-0.41103049617497,0.328027238406851,-0.0483635596075418,-0.0346396981605776,"Weld"
"271","Non-euc Intermediate","Eucalyptus Suppressed",-0.390826981667926,-1.0061888389013,0.224534875565445,-0.398536826711725,-0.383117136624126,"Weld"
"281","Non-euc Suppressed","Eucalyptus Suppressed",-0.229077354685991,-0.40405700159199,-0.0540977077799923,-0.233369531885055,-0.224785177486927,"Weld"
"331","Non-euc Co-dominant","Non-euc Co-dominant",0.377165018251383,0.185812294447163,0.568517742055602,0.364110871593514,0.390219164909251,"Weld"
"341","Non-euc Intermediate","Non-euc Co-dominant",-0.199913061822939,-0.904742645067497,0.504916521421618,-0.208654863371884,-0.191171260273994,"Weld"
"351","Non-euc Suppressed","Non-euc Co-dominant",0.0878851139239649,-0.0246749926941539,0.200445220542084,0.0834281631416943,0.0923420647062356,"Weld"
"411","Non-euc Intermediate","Non-euc Intermediate",-0.734387489434854,-2.16376698487112,0.694992006001415,-0.74665379601678,-0.722121182852928,"Weld"
"421","Non-euc Suppressed","Non-euc Intermediate",-0.114815109470679,-0.465315233198465,0.235685014257106,-0.120767050135032,-0.108863168806326,"Weld"
"49","Non-euc Suppressed","Non-euc Suppressed",0.12157524013175,-0.0547729100757246,0.297923390339224,0.112201909223323,0.130948571040176,"Weld"
